employee_id,first_name,last_name,email,phone_number,hire_date,department,job_title,currency,employment_status,manager_id,is_active,salary,emergency_contact_phone
E007721,Emp07721,User07721,employee07721@example.com,9000007721,2021-06-05,Finance,Analyst,USD,ACTIVE,E000773,true,47721,8000007721
E007722,Emp07722,User07722,employee07722@example.com,9000007722,2021-06-06,HR,Manager,USD,ACTIVE,E000773,true,47722,8000007722
E007723,Emp07723,User07723,employee07723@example.com,9000007723,2021-06-07,Marketing,Developer,USD,ACTIVE,E000773,true,47723,8000007723
E007724,Emp07724,User07724,employee07724@example.com,9000007724,2021-06-08,Operations,Specialist,USD,ACTIVE,E000773,true,47724,8000007724
E007725,Emp07725,User07725,employee07725@example.com,9000007725,2021-06-09,Engineering,Software Engineer,USD,ACTIVE,E000773,true,47725,8000007725
E007726,Emp07726,User07726,employee07726@example.com,9000007726,2021-06-10,Finance,Analyst,USD,ACTIVE,E000773,true,47726,8000007726
E007727,Emp07727,User07727,employee07727@example.com,9000007727,2021-06-11,HR,Manager,USD,ACTIVE,E000773,true,47727,8000007727
E007728,Emp07728,User07728,employee07728@example.com,9000007728,2021-06-12,Marketing,Developer,USD,ACTIVE,E000773,true,47728,8000007728
E007729,Emp07729,User07729,employee07729@example.com,9000007729,2021-06-13,Operations,Specialist,USD,ACTIVE,E000773,true,47729,8000007729
E007730,Emp07730,User07730,employee07730@example.com,9000007730,2021-06-14,Engineering,Software Engineer,USD,ACTIVE,E000773,true,47730,8000007730
E007731,Emp07731,User07731,employee07731@example.com,9000007731,2021-06-15,Finance,Analyst,USD,ACTIVE,E000774,true,47731,8000007731
E007732,Emp07732,User07732,employee07732@example.com,9000007732,2021-06-16,HR,Manager,USD,ACTIVE,E000774,true,47732,8000007732
E007733,Emp07733,User07733,employee07733@example.com,9000007733,2021-06-17,Marketing,Developer,USD,ACTIVE,E000774,true,47733,8000007733
E007734,Emp07734,User07734,employee07734@example.com,9000007734,2021-06-18,Operations,Specialist,USD,ACTIVE,E000774,true,47734,8000007734
E007735,Emp07735,User07735,employee07735@example.com,9000007735,2021-06-19,Engineering,Software Engineer,USD,ACTIVE,E000774,true,47735,8000007735
E007736,Emp07736,User07736,employee07736@example.com,9000007736,2021-06-20,Finance,Analyst,USD,ACTIVE,E000774,true,47736,8000007736
E007737,Emp07737,User07737,employee07737@example.com,9000007737,2021-06-21,HR,Manager,USD,ACTIVE,E000774,true,47737,8000007737
E007738,Emp07738,User07738,employee07738@example.com,9000007738,2021-06-22,Marketing,Developer,USD,ACTIVE,E000774,true,47738,8000007738
E007739,Emp07739,User07739,employee07739@example.com,9000007739,2021-06-23,Operations,Specialist,USD,ACTIVE,E000774,true,47739,8000007739
E007740,Emp07740,User07740,employee07740@example.com,9000007740,2021-06-24,Engineering,Software Engineer,USD,ACTIVE,E000774,true,47740,8000007740
E007741,Emp07741,User07741,employee07741@example.com,9000007741,2021-06-25,Finance,Analyst,USD,ACTIVE,E000775,true,47741,8000007741
E007742,Emp07742,User07742,employee07742@example.com,9000007742,2021-06-26,HR,Manager,USD,ACTIVE,E000775,true,47742,8000007742
E007743,Emp07743,User07743,employee07743@example.com,9000007743,2021-06-27,Marketing,Developer,USD,ACTIVE,E000775,true,47743,8000007743
E007744,Emp07744,User07744,employee07744@example.com,9000007744,2021-06-28,Operations,Specialist,USD,ACTIVE,E000775,true,47744,8000007744
E007745,Emp07745,User07745,employee07745@example.com,9000007745,2021-06-29,Engineering,Software Engineer,USD,ACTIVE,E000775,true,47745,8000007745
E007746,Emp07746,User07746,employee07746@example.com,9000007746,2021-06-30,Finance,Analyst,USD,ACTIVE,E000775,true,47746,8000007746
E007747,Emp07747,User07747,employee07747@example.com,9000007747,2021-07-01,HR,Manager,USD,ACTIVE,E000775,true,47747,8000007747
E007748,Emp07748,User07748,employee07748@example.com,9000007748,2021-07-02,Marketing,Developer,USD,ACTIVE,E000775,true,47748,8000007748
E007749,Emp07749,User07749,employee07749@example.com,9000007749,2021-07-03,Operations,Specialist,USD,ACTIVE,E000775,true,47749,8000007749
E007750,Emp07750,User07750,employee07750@example.com,9000007750,2021-07-04,Engineering,Software Engineer,USD,ACTIVE,E000775,true,47750,8000007750
E007751,Emp07751,User07751,employee07751@example.com,9000007751,2021-07-05,Finance,Analyst,USD,ACTIVE,E000776,true,47751,8000007751
E007752,Emp07752,User07752,employee07752@example.com,9000007752,2021-07-06,HR,Manager,USD,ACTIVE,E000776,true,47752,8000007752
E007753,Emp07753,User07753,employee07753@example.com,9000007753,2021-07-07,Marketing,Developer,USD,ACTIVE,E000776,true,47753,8000007753
E007754,Emp07754,User07754,employee07754@example.com,9000007754,2021-07-08,Operations,Specialist,USD,ACTIVE,E000776,true,47754,8000007754
E007755,Emp07755,User07755,employee07755@example.com,9000007755,2021-07-09,Engineering,Software Engineer,USD,ACTIVE,E000776,true,47755,8000007755
E007756,Emp07756,User07756,employee07756@example.com,9000007756,2021-07-10,Finance,Analyst,USD,ACTIVE,E000776,true,47756,8000007756
E007757,Emp07757,User07757,employee07757@example.com,9000007757,2021-07-11,HR,Manager,USD,ACTIVE,E000776,true,47757,8000007757
E007758,Emp07758,User07758,employee07758@example.com,9000007758,2021-07-12,Marketing,Developer,USD,ACTIVE,E000776,true,47758,8000007758
E007759,Emp07759,User07759,employee07759@example.com,9000007759,2021-07-13,Operations,Specialist,USD,ACTIVE,E000776,true,47759,8000007759
E007760,Emp07760,User07760,employee07760@example.com,9000007760,2021-07-14,Engineering,Software Engineer,USD,ACTIVE,E000776,true,47760,8000007760
E007761,Emp07761,User07761,employee07761@example.com,9000007761,2021-07-15,Finance,Analyst,USD,ACTIVE,E000777,true,47761,8000007761
E007762,Emp07762,User07762,employee07762@example.com,9000007762,2021-07-16,HR,Manager,USD,ACTIVE,E000777,true,47762,8000007762
E007763,Emp07763,User07763,employee07763@example.com,9000007763,2021-07-17,Marketing,Developer,USD,ACTIVE,E000777,true,47763,8000007763
E007764,Emp07764,User07764,employee07764@example.com,9000007764,2021-07-18,Operations,Specialist,USD,ACTIVE,E000777,true,47764,8000007764
E007765,Emp07765,User07765,employee07765@example.com,9000007765,2021-07-19,Engineering,Software Engineer,USD,ACTIVE,E000777,true,47765,8000007765
E007766,Emp07766,User07766,employee07766@example.com,9000007766,2021-07-20,Finance,Analyst,USD,ACTIVE,E000777,true,47766,8000007766
E007767,Emp07767,User07767,employee07767@example.com,9000007767,2021-07-21,HR,Manager,USD,ACTIVE,E000777,true,47767,8000007767
E007768,Emp07768,User07768,employee07768@example.com,9000007768,2021-07-22,Marketing,Developer,USD,ACTIVE,E000777,true,47768,8000007768
E007769,Emp07769,User07769,employee07769@example.com,9000007769,2021-07-23,Operations,Specialist,USD,ACTIVE,E000777,true,47769,8000007769
E007770,Emp07770,User07770,employee07770@example.com,9000007770,2021-07-24,Engineering,Software Engineer,USD,ACTIVE,E000777,true,47770,8000007770
E007771,Emp07771,User07771,employee07771@example.com,9000007771,2021-07-25,Finance,Analyst,USD,ACTIVE,E000778,true,47771,8000007771
E007772,Emp07772,User07772,employee07772@example.com,9000007772,2021-07-26,HR,Manager,USD,ACTIVE,E000778,true,47772,8000007772
E007773,Emp07773,User07773,employee07773@example.com,9000007773,2021-07-27,Marketing,Developer,USD,ACTIVE,E000778,true,47773,8000007773
E007774,Emp07774,User07774,employee07774@example.com,9000007774,2021-07-28,Operations,Specialist,USD,ACTIVE,E000778,true,47774,8000007774
E007775,Emp07775,User07775,employee07775@example.com,9000007775,2021-07-29,Engineering,Software Engineer,USD,ACTIVE,E000778,true,47775,8000007775
E007776,Emp07776,User07776,employee07776@example.com,9000007776,2021-07-30,Finance,Analyst,USD,ACTIVE,E000778,true,47776,8000007776
E007777,Emp07777,User07777,employee07777@example.com,9000007777,2021-07-31,HR,Manager,USD,ACTIVE,E000778,true,47777,8000007777
E007778,Emp07778,User07778,employee07778@example.com,9000007778,2021-08-01,Marketing,Developer,USD,ACTIVE,E000778,true,47778,8000007778
E007779,Emp07779,User07779,employee07779@example.com,9000007779,2021-08-02,Operations,Specialist,USD,ACTIVE,E000778,true,47779,8000007779
E007780,Emp07780,User07780,employee07780@example.com,9000007780,2021-08-03,Engineering,Software Engineer,USD,ACTIVE,E000778,true,47780,8000007780
E007781,Emp07781,User07781,employee07781@example.com,9000007781,2021-08-04,Finance,Analyst,USD,ACTIVE,E000779,true,47781,8000007781
E007782,Emp07782,User07782,employee07782@example.com,9000007782,2021-08-05,HR,Manager,USD,ACTIVE,E000779,true,47782,8000007782
E007783,Emp07783,User07783,employee07783@example.com,9000007783,2021-08-06,Marketing,Developer,USD,ACTIVE,E000779,true,47783,8000007783
E007784,Emp07784,User07784,employee07784@example.com,9000007784,2021-08-07,Operations,Specialist,USD,ACTIVE,E000779,true,47784,8000007784
E007785,Emp07785,User07785,employee07785@example.com,9000007785,2021-08-08,Engineering,Software Engineer,USD,ACTIVE,E000779,true,47785,8000007785
E007786,Emp07786,User07786,employee07786@example.com,9000007786,2021-08-09,Finance,Analyst,USD,ACTIVE,E000779,true,47786,8000007786
E007787,Emp07787,User07787,employee07787@example.com,9000007787,2021-08-10,HR,Manager,USD,ACTIVE,E000779,true,47787,8000007787
E007788,Emp07788,User07788,employee07788@example.com,9000007788,2021-08-11,Marketing,Developer,USD,ACTIVE,E000779,true,47788,8000007788
E007789,Emp07789,User07789,employee07789@example.com,9000007789,2021-08-12,Operations,Specialist,USD,ACTIVE,E000779,true,47789,8000007789
E007790,Emp07790,User07790,employee07790@example.com,9000007790,2021-08-13,Engineering,Software Engineer,USD,ACTIVE,E000779,true,47790,8000007790
E007791,Emp07791,User07791,employee07791@example.com,9000007791,2021-08-14,Finance,Analyst,USD,ACTIVE,E000780,true,47791,8000007791
E007792,Emp07792,User07792,employee07792@example.com,9000007792,2021-08-15,HR,Manager,USD,ACTIVE,E000780,true,47792,8000007792
E007793,Emp07793,User07793,employee07793@example.com,9000007793,2021-08-16,Marketing,Developer,USD,ACTIVE,E000780,true,47793,8000007793
E007794,Emp07794,User07794,employee07794@example.com,9000007794,2021-08-17,Operations,Specialist,USD,ACTIVE,E000780,true,47794,8000007794
E007795,Emp07795,User07795,employee07795@example.com,9000007795,2021-08-18,Engineering,Software Engineer,USD,ACTIVE,E000780,true,47795,8000007795
E007796,Emp07796,User07796,employee07796@example.com,9000007796,2021-08-19,Finance,Analyst,USD,ACTIVE,E000780,true,47796,8000007796
E007797,Emp07797,User07797,employee07797@example.com,9000007797,2021-08-20,HR,Manager,USD,ACTIVE,E000780,true,47797,8000007797
E007798,Emp07798,User07798,employee07798@example.com,9000007798,2021-08-21,Marketing,Developer,USD,ACTIVE,E000780,true,47798,8000007798
E007799,Emp07799,User07799,employee07799@example.com,9000007799,2021-08-22,Operations,Specialist,USD,ACTIVE,E000780,true,47799,8000007799
E007800,Emp07800,User07800,employee07800@example.com,9000007800,2021-08-23,Engineering,Software Engineer,USD,ACTIVE,E000780,true,47800,8000007800
E007801,Emp07801,User07801,employee07801@example.com,9000007801,2021-08-24,Finance,Analyst,USD,ACTIVE,E000781,true,47801,8000007801
E007802,Emp07802,User07802,employee07802@example.com,9000007802,2021-08-25,HR,Manager,USD,ACTIVE,E000781,true,47802,8000007802
E007803,Emp07803,User07803,employee07803@example.com,9000007803,2021-08-26,Marketing,Developer,USD,ACTIVE,E000781,true,47803,8000007803
E007804,Emp07804,User07804,employee07804@example.com,9000007804,2021-08-27,Operations,Specialist,USD,ACTIVE,E000781,true,47804,8000007804
E007805,Emp07805,User07805,employee07805@example.com,9000007805,2021-08-28,Engineering,Software Engineer,USD,ACTIVE,E000781,true,47805,8000007805
E007806,Emp07806,User07806,employee07806@example.com,9000007806,2021-08-29,Finance,Analyst,USD,ACTIVE,E000781,true,47806,8000007806
E007807,Emp07807,User07807,employee07807@example.com,9000007807,2021-08-30,HR,Manager,USD,ACTIVE,E000781,true,47807,8000007807
E007808,Emp07808,User07808,employee07808@example.com,9000007808,2021-08-31,Marketing,Developer,USD,ACTIVE,E000781,true,47808,8000007808
E007809,Emp07809,User07809,employee07809@example.com,9000007809,2021-09-01,Operations,Specialist,USD,ACTIVE,E000781,true,47809,8000007809
E007810,Emp07810,User07810,employee07810@example.com,9000007810,2021-09-02,Engineering,Software Engineer,USD,ACTIVE,E000781,true,47810,8000007810
E007811,Emp07811,User07811,employee07811@example.com,9000007811,2021-09-03,Finance,Analyst,USD,ACTIVE,E000782,true,47811,8000007811
E007812,Emp07812,User07812,employee07812@example.com,9000007812,2021-09-04,HR,Manager,USD,ACTIVE,E000782,true,47812,8000007812
E007813,Emp07813,User07813,employee07813@example.com,9000007813,2021-09-05,Marketing,Developer,USD,ACTIVE,E000782,true,47813,8000007813
E007814,Emp07814,User07814,employee07814@example.com,9000007814,2021-09-06,Operations,Specialist,USD,ACTIVE,E000782,true,47814,8000007814
E007815,Emp07815,User07815,employee07815@example.com,9000007815,2021-09-07,Engineering,Software Engineer,USD,ACTIVE,E000782,true,47815,8000007815
E007816,Emp07816,User07816,employee07816@example.com,9000007816,2021-09-08,Finance,Analyst,USD,ACTIVE,E000782,true,47816,8000007816
E007817,Emp07817,User07817,employee07817@example.com,9000007817,2021-09-09,HR,Manager,USD,ACTIVE,E000782,true,47817,8000007817
E007818,Emp07818,User07818,employee07818@example.com,9000007818,2021-09-10,Marketing,Developer,USD,ACTIVE,E000782,true,47818,8000007818
E007819,Emp07819,User07819,employee07819@example.com,9000007819,2021-09-11,Operations,Specialist,USD,ACTIVE,E000782,true,47819,8000007819
E007820,Emp07820,User07820,employee07820@example.com,9000007820,2021-09-12,Engineering,Software Engineer,USD,ACTIVE,E000782,true,47820,8000007820
E007821,Emp07821,User07821,employee07821@example.com,9000007821,2021-09-13,Finance,Analyst,USD,ACTIVE,E000783,true,47821,8000007821
E007822,Emp07822,User07822,employee07822@example.com,9000007822,2021-09-14,HR,Manager,USD,ACTIVE,E000783,true,47822,8000007822
E007823,Emp07823,User07823,employee07823@example.com,9000007823,2021-09-15,Marketing,Developer,USD,ACTIVE,E000783,true,47823,8000007823
E007824,Emp07824,User07824,employee07824@example.com,9000007824,2021-09-16,Operations,Specialist,USD,ACTIVE,E000783,true,47824,8000007824
E007825,Emp07825,User07825,employee07825@example.com,9000007825,2021-09-17,Engineering,Software Engineer,USD,ACTIVE,E000783,true,47825,8000007825
E007826,Emp07826,User07826,employee07826@example.com,9000007826,2021-09-18,Finance,Analyst,USD,ACTIVE,E000783,true,47826,8000007826
E007827,Emp07827,User07827,employee07827@example.com,9000007827,2021-09-19,HR,Manager,USD,ACTIVE,E000783,true,47827,8000007827
E007828,Emp07828,User07828,employee07828@example.com,9000007828,2021-09-20,Marketing,Developer,USD,ACTIVE,E000783,true,47828,8000007828
E007829,Emp07829,User07829,employee07829@example.com,9000007829,2021-09-21,Operations,Specialist,USD,ACTIVE,E000783,true,47829,8000007829
E007830,Emp07830,User07830,employee07830@example.com,9000007830,2021-09-22,Engineering,Software Engineer,USD,ACTIVE,E000783,true,47830,8000007830
E007831,Emp07831,User07831,employee07831@example.com,9000007831,2021-09-23,Finance,Analyst,USD,ACTIVE,E000784,true,47831,8000007831
E007832,Emp07832,User07832,employee07832@example.com,9000007832,2021-09-24,HR,Manager,USD,ACTIVE,E000784,true,47832,8000007832
E007833,Emp07833,User07833,employee07833@example.com,9000007833,2021-09-25,Marketing,Developer,USD,ACTIVE,E000784,true,47833,8000007833
E007834,Emp07834,User07834,employee07834@example.com,9000007834,2021-09-26,Operations,Specialist,USD,ACTIVE,E000784,true,47834,8000007834
E007835,Emp07835,User07835,employee07835@example.com,9000007835,2021-09-27,Engineering,Software Engineer,USD,ACTIVE,E000784,true,47835,8000007835
E007836,Emp07836,User07836,employee07836@example.com,9000007836,2021-09-28,Finance,Analyst,USD,ACTIVE,E000784,true,47836,8000007836
E007837,Emp07837,User07837,employee07837@example.com,9000007837,2021-09-29,HR,Manager,USD,ACTIVE,E000784,true,47837,8000007837
E007838,Emp07838,User07838,employee07838@example.com,9000007838,2021-09-30,Marketing,Developer,USD,ACTIVE,E000784,true,47838,8000007838
E007839,Emp07839,User07839,employee07839@example.com,9000007839,2021-10-01,Operations,Specialist,USD,ACTIVE,E000784,true,47839,8000007839
E007840,Emp07840,User07840,employee07840@example.com,9000007840,2021-10-02,Engineering,Software Engineer,USD,ACTIVE,E000784,true,47840,8000007840
E007841,Emp07841,User07841,employee07841@example.com,9000007841,2021-10-03,Finance,Analyst,USD,ACTIVE,E000785,true,47841,8000007841
E007842,Emp07842,User07842,employee07842@example.com,9000007842,2021-10-04,HR,Manager,USD,ACTIVE,E000785,true,47842,8000007842
E007843,Emp07843,User07843,employee07843@example.com,9000007843,2021-10-05,Marketing,Developer,USD,ACTIVE,E000785,true,47843,8000007843
E007844,Emp07844,User07844,employee07844@example.com,9000007844,2021-10-06,Operations,Specialist,USD,ACTIVE,E000785,true,47844,8000007844
E007845,Emp07845,User07845,employee07845@example.com,9000007845,2021-10-07,Engineering,Software Engineer,USD,ACTIVE,E000785,true,47845,8000007845
E007846,Emp07846,User07846,employee07846@example.com,9000007846,2021-10-08,Finance,Analyst,USD,ACTIVE,E000785,true,47846,8000007846
E007847,Emp07847,User07847,employee07847@example.com,9000007847,2021-10-09,HR,Manager,USD,ACTIVE,E000785,true,47847,8000007847
E007848,Emp07848,User07848,employee07848@example.com,9000007848,2021-10-10,Marketing,Developer,USD,ACTIVE,E000785,true,47848,8000007848
E007849,Emp07849,User07849,employee07849@example.com,9000007849,2021-10-11,Operations,Specialist,USD,ACTIVE,E000785,true,47849,8000007849
E007850,Emp07850,User07850,employee07850@example.com,9000007850,2021-10-12,Engineering,Software Engineer,USD,ACTIVE,E000785,true,47850,8000007850
E007851,Emp07851,User07851,employee07851@example.com,9000007851,2021-10-13,Finance,Analyst,USD,ACTIVE,E000786,true,47851,8000007851
E007852,Emp07852,User07852,employee07852@example.com,9000007852,2021-10-14,HR,Manager,USD,ACTIVE,E000786,true,47852,8000007852
E007853,Emp07853,User07853,employee07853@example.com,9000007853,2021-10-15,Marketing,Developer,USD,ACTIVE,E000786,true,47853,8000007853
E007854,Emp07854,User07854,employee07854@example.com,9000007854,2021-10-16,Operations,Specialist,USD,ACTIVE,E000786,true,47854,8000007854
E007855,Emp07855,User07855,employee07855@example.com,9000007855,2021-10-17,Engineering,Software Engineer,USD,ACTIVE,E000786,true,47855,8000007855
E007856,Emp07856,User07856,employee07856@example.com,9000007856,2021-10-18,Finance,Analyst,USD,ACTIVE,E000786,true,47856,8000007856
E007857,Emp07857,User07857,employee07857@example.com,9000007857,2021-10-19,HR,Manager,USD,ACTIVE,E000786,true,47857,8000007857
E007858,Emp07858,User07858,employee07858@example.com,9000007858,2021-10-20,Marketing,Developer,USD,ACTIVE,E000786,true,47858,8000007858
E007859,Emp07859,User07859,employee07859@example.com,9000007859,2021-10-21,Operations,Specialist,USD,ACTIVE,E000786,true,47859,8000007859
E007860,Emp07860,User07860,employee07860@example.com,9000007860,2021-10-22,Engineering,Software Engineer,USD,ACTIVE,E000786,true,47860,8000007860
E007861,Emp07861,User07861,employee07861@example.com,9000007861,2021-10-23,Finance,Analyst,USD,ACTIVE,E000787,true,47861,8000007861
E007862,Emp07862,User07862,employee07862@example.com,9000007862,2021-10-24,HR,Manager,USD,ACTIVE,E000787,true,47862,8000007862
E007863,Emp07863,User07863,employee07863@example.com,9000007863,2021-10-25,Marketing,Developer,USD,ACTIVE,E000787,true,47863,8000007863
E007864,Emp07864,User07864,employee07864@example.com,9000007864,2021-10-26,Operations,Specialist,USD,ACTIVE,E000787,true,47864,8000007864
E007865,Emp07865,User07865,employee07865@example.com,9000007865,2021-10-27,Engineering,Software Engineer,USD,ACTIVE,E000787,true,47865,8000007865
E007866,Emp07866,User07866,employee07866@example.com,9000007866,2021-10-28,Finance,Analyst,USD,ACTIVE,E000787,true,47866,8000007866
E007867,Emp07867,User07867,employee07867@example.com,9000007867,2021-10-29,HR,Manager,USD,ACTIVE,E000787,true,47867,8000007867
E007868,Emp07868,User07868,employee07868@example.com,9000007868,2021-10-30,Marketing,Developer,USD,ACTIVE,E000787,true,47868,8000007868
E007869,Emp07869,User07869,employee07869@example.com,9000007869,2021-10-31,Operations,Specialist,USD,ACTIVE,E000787,true,47869,8000007869
E007870,Emp07870,User07870,employee07870@example.com,9000007870,2021-11-01,Engineering,Software Engineer,USD,ACTIVE,E000787,true,47870,8000007870
E007871,Emp07871,User07871,employee07871@example.com,9000007871,2021-11-02,Finance,Analyst,USD,ACTIVE,E000788,true,47871,8000007871
E007872,Emp07872,User07872,employee07872@example.com,9000007872,2021-11-03,HR,Manager,USD,ACTIVE,E000788,true,47872,8000007872
E007873,Emp07873,User07873,employee07873@example.com,9000007873,2021-11-04,Marketing,Developer,USD,ACTIVE,E000788,true,47873,8000007873
E007874,Emp07874,User07874,employee07874@example.com,9000007874,2021-11-05,Operations,Specialist,USD,ACTIVE,E000788,true,47874,8000007874
E007875,Emp07875,User07875,employee07875@example.com,9000007875,2021-11-06,Engineering,Software Engineer,USD,ACTIVE,E000788,true,47875,8000007875
E007876,Emp07876,User07876,employee07876@example.com,9000007876,2021-11-07,Finance,Analyst,USD,ACTIVE,E000788,true,47876,8000007876
E007877,Emp07877,User07877,employee07877@example.com,9000007877,2021-11-08,HR,Manager,USD,ACTIVE,E000788,true,47877,8000007877
E007878,Emp07878,User07878,employee07878@example.com,9000007878,2021-11-09,Marketing,Developer,USD,ACTIVE,E000788,true,47878,8000007878
E007879,Emp07879,User07879,employee07879@example.com,9000007879,2021-11-10,Operations,Specialist,USD,ACTIVE,E000788,true,47879,8000007879
E007880,Emp07880,User07880,employee07880@example.com,9000007880,2021-11-11,Engineering,Software Engineer,USD,ACTIVE,E000788,true,47880,8000007880
E007881,Emp07881,User07881,employee07881@example.com,9000007881,2021-11-12,Finance,Analyst,USD,ACTIVE,E000789,true,47881,8000007881
E007882,Emp07882,User07882,employee07882@example.com,9000007882,2021-11-13,HR,Manager,USD,ACTIVE,E000789,true,47882,8000007882
E007883,Emp07883,User07883,employee07883@example.com,9000007883,2021-11-14,Marketing,Developer,USD,ACTIVE,E000789,true,47883,8000007883
E007884,Emp07884,User07884,employee07884@example.com,9000007884,2021-11-15,Operations,Specialist,USD,ACTIVE,E000789,true,47884,8000007884
E007885,Emp07885,User07885,employee07885@example.com,9000007885,2021-11-16,Engineering,Software Engineer,USD,ACTIVE,E000789,true,47885,8000007885
E007886,Emp07886,User07886,employee07886@example.com,9000007886,2021-11-17,Finance,Analyst,USD,ACTIVE,E000789,true,47886,8000007886
E007887,Emp07887,User07887,employee07887@example.com,9000007887,2021-11-18,HR,Manager,USD,ACTIVE,E000789,true,47887,8000007887
E007888,Emp07888,User07888,employee07888@example.com,9000007888,2021-11-19,Marketing,Developer,USD,ACTIVE,E000789,true,47888,8000007888
E007889,Emp07889,User07889,employee07889@example.com,9000007889,2021-11-20,Operations,Specialist,USD,ACTIVE,E000789,true,47889,8000007889
E007890,Emp07890,User07890,employee07890@example.com,9000007890,2021-11-21,Engineering,Software Engineer,USD,ACTIVE,E000789,true,47890,8000007890
E007891,Emp07891,User07891,employee07891@example.com,9000007891,2021-11-22,Finance,Analyst,USD,ACTIVE,E000790,true,47891,8000007891
E007892,Emp07892,User07892,employee07892@example.com,9000007892,2021-11-23,HR,Manager,USD,ACTIVE,E000790,true,47892,8000007892
E007893,Emp07893,User07893,employee07893@example.com,9000007893,2021-11-24,Marketing,Developer,USD,ACTIVE,E000790,true,47893,8000007893
E007894,Emp07894,User07894,employee07894@example.com,9000007894,2021-11-25,Operations,Specialist,USD,ACTIVE,E000790,true,47894,8000007894
E007895,Emp07895,User07895,employee07895@example.com,9000007895,2021-11-26,Engineering,Software Engineer,USD,ACTIVE,E000790,true,47895,8000007895
E007896,Emp07896,User07896,employee07896@example.com,9000007896,2021-11-27,Finance,Analyst,USD,ACTIVE,E000790,true,47896,8000007896
E007897,Emp07897,User07897,employee07897@example.com,9000007897,2021-11-28,HR,Manager,USD,ACTIVE,E000790,true,47897,8000007897
E007898,Emp07898,User07898,employee07898@example.com,9000007898,2021-11-29,Marketing,Developer,USD,ACTIVE,E000790,true,47898,8000007898
E007899,Emp07899,User07899,employee07899@example.com,9000007899,2021-11-30,Operations,Specialist,USD,ACTIVE,E000790,true,47899,8000007899
E007900,Emp07900,User07900,employee07900@example.com,9000007900,2021-12-01,Engineering,Software Engineer,USD,ACTIVE,E000790,true,47900,8000007900
E007901,Emp07901,User07901,employee07901@example.com,9000007901,2021-12-02,Finance,Analyst,USD,ACTIVE,E000791,true,47901,8000007901
E007902,Emp07902,User07902,employee07902@example.com,9000007902,2021-12-03,HR,Manager,USD,ACTIVE,E000791,true,47902,8000007902
E007903,Emp07903,User07903,employee07903@example.com,9000007903,2021-12-04,Marketing,Developer,USD,ACTIVE,E000791,true,47903,8000007903
E007904,Emp07904,User07904,employee07904@example.com,9000007904,2021-12-05,Operations,Specialist,USD,ACTIVE,E000791,true,47904,8000007904
E007905,Emp07905,User07905,employee07905@example.com,9000007905,2021-12-06,Engineering,Software Engineer,USD,ACTIVE,E000791,true,47905,8000007905
E007906,Emp07906,User07906,employee07906@example.com,9000007906,2021-12-07,Finance,Analyst,USD,ACTIVE,E000791,true,47906,8000007906
E007907,Emp07907,User07907,employee07907@example.com,9000007907,2021-12-08,HR,Manager,USD,ACTIVE,E000791,true,47907,8000007907
E007908,Emp07908,User07908,employee07908@example.com,9000007908,2021-12-09,Marketing,Developer,USD,ACTIVE,E000791,true,47908,8000007908
E007909,Emp07909,User07909,employee07909@example.com,9000007909,2021-12-10,Operations,Specialist,USD,ACTIVE,E000791,true,47909,8000007909
E007910,Emp07910,User07910,employee07910@example.com,9000007910,2021-12-11,Engineering,Software Engineer,USD,ACTIVE,E000791,true,47910,8000007910
E007911,Emp07911,User07911,employee07911@example.com,9000007911,2021-12-12,Finance,Analyst,USD,ACTIVE,E000792,true,47911,8000007911
E007912,Emp07912,User07912,employee07912@example.com,9000007912,2021-12-13,HR,Manager,USD,ACTIVE,E000792,true,47912,8000007912
E007913,Emp07913,User07913,employee07913@example.com,9000007913,2021-12-14,Marketing,Developer,USD,ACTIVE,E000792,true,47913,8000007913
E007914,Emp07914,User07914,employee07914@example.com,9000007914,2021-12-15,Operations,Specialist,USD,ACTIVE,E000792,true,47914,8000007914
E007915,Emp07915,User07915,employee07915@example.com,9000007915,2021-12-16,Engineering,Software Engineer,USD,ACTIVE,E000792,true,47915,8000007915
E007916,Emp07916,User07916,employee07916@example.com,9000007916,2021-12-17,Finance,Analyst,USD,ACTIVE,E000792,true,47916,8000007916
E007917,Emp07917,User07917,employee07917@example.com,9000007917,2021-12-18,HR,Manager,USD,ACTIVE,E000792,true,47917,8000007917
E007918,Emp07918,User07918,employee07918@example.com,9000007918,2021-12-19,Marketing,Developer,USD,ACTIVE,E000792,true,47918,8000007918
E007919,Emp07919,User07919,employee07919@example.com,9000007919,2021-12-20,Operations,Specialist,USD,ACTIVE,E000792,true,47919,8000007919
E007920,Emp07920,User07920,employee07920@example.com,9000007920,2021-12-21,Engineering,Software Engineer,USD,ACTIVE,E000792,true,47920,8000007920
E007921,Emp07921,User07921,employee07921@example.com,9000007921,2021-12-22,Finance,Analyst,USD,ACTIVE,E000793,true,47921,8000007921
E007922,Emp07922,User07922,employee07922@example.com,9000007922,2021-12-23,HR,Manager,USD,ACTIVE,E000793,true,47922,8000007922
E007923,Emp07923,User07923,employee07923@example.com,9000007923,2021-12-24,Marketing,Developer,USD,ACTIVE,E000793,true,47923,8000007923
E007924,Emp07924,User07924,employee07924@example.com,9000007924,2021-12-25,Operations,Specialist,USD,ACTIVE,E000793,true,47924,8000007924
E007925,Emp07925,User07925,employee07925@example.com,9000007925,2021-12-26,Engineering,Software Engineer,USD,ACTIVE,E000793,true,47925,8000007925
E007926,Emp07926,User07926,employee07926@example.com,9000007926,2021-12-27,Finance,Analyst,USD,ACTIVE,E000793,true,47926,8000007926
E007927,Emp07927,User07927,employee07927@example.com,9000007927,2021-12-28,HR,Manager,USD,ACTIVE,E000793,true,47927,8000007927
E007928,Emp07928,User07928,employee07928@example.com,9000007928,2021-12-29,Marketing,Developer,USD,ACTIVE,E000793,true,47928,8000007928
E007929,Emp07929,User07929,employee07929@example.com,9000007929,2021-12-30,Operations,Specialist,USD,ACTIVE,E000793,true,47929,8000007929
E007930,Emp07930,User07930,employee07930@example.com,9000007930,2021-12-31,Engineering,Software Engineer,USD,ACTIVE,E000793,true,47930,8000007930
E007931,Emp07931,User07931,employee07931@example.com,9000007931,2022-01-01,Finance,Analyst,USD,ACTIVE,E000794,true,47931,8000007931
E007932,Emp07932,User07932,employee07932@example.com,9000007932,2022-01-02,HR,Manager,USD,ACTIVE,E000794,true,47932,8000007932
E007933,Emp07933,User07933,employee07933@example.com,9000007933,2022-01-03,Marketing,Developer,USD,ACTIVE,E000794,true,47933,8000007933
E007934,Emp07934,User07934,employee07934@example.com,9000007934,2022-01-04,Operations,Specialist,USD,ACTIVE,E000794,true,47934,8000007934
E007935,Emp07935,User07935,employee07935@example.com,9000007935,2022-01-05,Engineering,Software Engineer,USD,ACTIVE,E000794,true,47935,8000007935
E007936,Emp07936,User07936,employee07936@example.com,9000007936,2022-01-06,Finance,Analyst,USD,ACTIVE,E000794,true,47936,8000007936
E007937,Emp07937,User07937,employee07937@example.com,9000007937,2022-01-07,HR,Manager,USD,ACTIVE,E000794,true,47937,8000007937
E007938,Emp07938,User07938,employee07938@example.com,9000007938,2022-01-08,Marketing,Developer,USD,ACTIVE,E000794,true,47938,8000007938
E007939,Emp07939,User07939,employee07939@example.com,9000007939,2022-01-09,Operations,Specialist,USD,ACTIVE,E000794,true,47939,8000007939
E007940,Emp07940,User07940,employee07940@example.com,9000007940,2022-01-10,Engineering,Software Engineer,USD,ACTIVE,E000794,true,47940,8000007940
E007941,Emp07941,User07941,employee07941@example.com,9000007941,2022-01-11,Finance,Analyst,USD,ACTIVE,E000795,true,47941,8000007941
E007942,Emp07942,User07942,employee07942@example.com,9000007942,2022-01-12,HR,Manager,USD,ACTIVE,E000795,true,47942,8000007942
E007943,Emp07943,User07943,employee07943@example.com,9000007943,2022-01-13,Marketing,Developer,USD,ACTIVE,E000795,true,47943,8000007943
E007944,Emp07944,User07944,employee07944@example.com,9000007944,2022-01-14,Operations,Specialist,USD,ACTIVE,E000795,true,47944,8000007944
E007945,Emp07945,User07945,employee07945@example.com,9000007945,2022-01-15,Engineering,Software Engineer,USD,ACTIVE,E000795,true,47945,8000007945
E007946,Emp07946,User07946,employee07946@example.com,9000007946,2022-01-16,Finance,Analyst,USD,ACTIVE,E000795,true,47946,8000007946
E007947,Emp07947,User07947,employee07947@example.com,9000007947,2022-01-17,HR,Manager,USD,ACTIVE,E000795,true,47947,8000007947
E007948,Emp07948,User07948,employee07948@example.com,9000007948,2022-01-18,Marketing,Developer,USD,ACTIVE,E000795,true,47948,8000007948
E007949,Emp07949,User07949,employee07949@example.com,9000007949,2022-01-19,Operations,Specialist,USD,ACTIVE,E000795,true,47949,8000007949
E007950,Emp07950,User07950,employee07950@example.com,9000007950,2022-01-20,Engineering,Software Engineer,USD,ACTIVE,E000795,true,47950,8000007950
E007951,Emp07951,User07951,employee07951@example.com,9000007951,2022-01-21,Finance,Analyst,USD,ACTIVE,E000796,true,47951,8000007951
E007952,Emp07952,User07952,employee07952@example.com,9000007952,2022-01-22,HR,Manager,USD,ACTIVE,E000796,true,47952,8000007952
E007953,Emp07953,User07953,employee07953@example.com,9000007953,2022-01-23,Marketing,Developer,USD,ACTIVE,E000796,true,47953,8000007953
E007954,Emp07954,User07954,employee07954@example.com,9000007954,2022-01-24,Operations,Specialist,USD,ACTIVE,E000796,true,47954,8000007954
E007955,Emp07955,User07955,employee07955@example.com,9000007955,2022-01-25,Engineering,Software Engineer,USD,ACTIVE,E000796,true,47955,8000007955
E007956,Emp07956,User07956,employee07956@example.com,9000007956,2022-01-26,Finance,Analyst,USD,ACTIVE,E000796,true,47956,8000007956
E007957,Emp07957,User07957,employee07957@example.com,9000007957,2022-01-27,HR,Manager,USD,ACTIVE,E000796,true,47957,8000007957
E007958,Emp07958,User07958,employee07958@example.com,9000007958,2022-01-28,Marketing,Developer,USD,ACTIVE,E000796,true,47958,8000007958
E007959,Emp07959,User07959,employee07959@example.com,9000007959,2022-01-29,Operations,Specialist,USD,ACTIVE,E000796,true,47959,8000007959
E007960,Emp07960,User07960,employee07960@example.com,9000007960,2022-01-30,Engineering,Software Engineer,USD,ACTIVE,E000796,true,47960,8000007960
E007961,Emp07961,User07961,employee07961@example.com,9000007961,2022-01-31,Finance,Analyst,USD,ACTIVE,E000797,true,47961,8000007961
E007962,Emp07962,User07962,employee07962@example.com,9000007962,2022-02-01,HR,Manager,USD,ACTIVE,E000797,true,47962,8000007962
E007963,Emp07963,User07963,employee07963@example.com,9000007963,2022-02-02,Marketing,Developer,USD,ACTIVE,E000797,true,47963,8000007963
E007964,Emp07964,User07964,employee07964@example.com,9000007964,2022-02-03,Operations,Specialist,USD,ACTIVE,E000797,true,47964,8000007964
E007965,Emp07965,User07965,employee07965@example.com,9000007965,2022-02-04,Engineering,Software Engineer,USD,ACTIVE,E000797,true,47965,8000007965
E007966,Emp07966,User07966,employee07966@example.com,9000007966,2022-02-05,Finance,Analyst,USD,ACTIVE,E000797,true,47966,8000007966
E007967,Emp07967,User07967,employee07967@example.com,9000007967,2022-02-06,HR,Manager,USD,ACTIVE,E000797,true,47967,8000007967
E007968,Emp07968,User07968,employee07968@example.com,9000007968,2022-02-07,Marketing,Developer,USD,ACTIVE,E000797,true,47968,8000007968
E007969,Emp07969,User07969,employee07969@example.com,9000007969,2022-02-08,Operations,Specialist,USD,ACTIVE,E000797,true,47969,8000007969
E007970,Emp07970,User07970,employee07970@example.com,9000007970,2022-02-09,Engineering,Software Engineer,USD,ACTIVE,E000797,true,47970,8000007970
E007971,Emp07971,User07971,employee07971@example.com,9000007971,2022-02-10,Finance,Analyst,USD,ACTIVE,E000798,true,47971,8000007971
E007972,Emp07972,User07972,employee07972@example.com,9000007972,2022-02-11,HR,Manager,USD,ACTIVE,E000798,true,47972,8000007972
E007973,Emp07973,User07973,employee07973@example.com,9000007973,2022-02-12,Marketing,Developer,USD,ACTIVE,E000798,true,47973,8000007973
E007974,Emp07974,User07974,employee07974@example.com,9000007974,2022-02-13,Operations,Specialist,USD,ACTIVE,E000798,true,47974,8000007974
E007975,Emp07975,User07975,employee07975@example.com,9000007975,2022-02-14,Engineering,Software Engineer,USD,ACTIVE,E000798,true,47975,8000007975
E007976,Emp07976,User07976,employee07976@example.com,9000007976,2022-02-15,Finance,Analyst,USD,ACTIVE,E000798,true,47976,8000007976
E007977,Emp07977,User07977,employee07977@example.com,9000007977,2022-02-16,HR,Manager,USD,ACTIVE,E000798,true,47977,8000007977
E007978,Emp07978,User07978,employee07978@example.com,9000007978,2022-02-17,Marketing,Developer,USD,ACTIVE,E000798,true,47978,8000007978
E007979,Emp07979,User07979,employee07979@example.com,9000007979,2022-02-18,Operations,Specialist,USD,ACTIVE,E000798,true,47979,8000007979
E007980,Emp07980,User07980,employee07980@example.com,9000007980,2022-02-19,Engineering,Software Engineer,USD,ACTIVE,E000798,true,47980,8000007980
E007981,Emp07981,User07981,employee07981@example.com,9000007981,2022-02-20,Finance,Analyst,USD,ACTIVE,E000799,true,47981,8000007981
E007982,Emp07982,User07982,employee07982@example.com,9000007982,2022-02-21,HR,Manager,USD,ACTIVE,E000799,true,47982,8000007982
E007983,Emp07983,User07983,employee07983@example.com,9000007983,2022-02-22,Marketing,Developer,USD,ACTIVE,E000799,true,47983,8000007983
E007984,Emp07984,User07984,employee07984@example.com,9000007984,2022-02-23,Operations,Specialist,USD,ACTIVE,E000799,true,47984,8000007984
E007985,Emp07985,User07985,employee07985@example.com,9000007985,2022-02-24,Engineering,Software Engineer,USD,ACTIVE,E000799,true,47985,8000007985
E007986,Emp07986,User07986,employee07986@example.com,9000007986,2022-02-25,Finance,Analyst,USD,ACTIVE,E000799,true,47986,8000007986
E007987,Emp07987,User07987,employee07987@example.com,9000007987,2022-02-26,HR,Manager,USD,ACTIVE,E000799,true,47987,8000007987
E007988,Emp07988,User07988,employee07988@example.com,9000007988,2022-02-27,Marketing,Developer,USD,ACTIVE,E000799,true,47988,8000007988
E007989,Emp07989,User07989,employee07989@example.com,9000007989,2022-02-28,Operations,Specialist,USD,ACTIVE,E000799,true,47989,8000007989
E007990,Emp07990,User07990,employee07990@example.com,9000007990,2022-03-01,Engineering,Software Engineer,USD,ACTIVE,E000799,true,47990,8000007990
E007991,Emp07991,User07991,employee07991@example.com,9000007991,2022-03-02,Finance,Analyst,USD,ACTIVE,E000800,true,47991,8000007991
E007992,Emp07992,User07992,employee07992@example.com,9000007992,2022-03-03,HR,Manager,USD,ACTIVE,E000800,true,47992,8000007992
E007993,Emp07993,User07993,employee07993@example.com,9000007993,2022-03-04,Marketing,Developer,USD,ACTIVE,E000800,true,47993,8000007993
E007994,Emp07994,User07994,employee07994@example.com,9000007994,2022-03-05,Operations,Specialist,USD,ACTIVE,E000800,true,47994,8000007994
E007995,Emp07995,User07995,employee07995@example.com,9000007995,2022-03-06,Engineering,Software Engineer,USD,ACTIVE,E000800,true,47995,8000007995
E007996,Emp07996,User07996,employee07996@example.com,9000007996,2022-03-07,Finance,Analyst,USD,ACTIVE,E000800,true,47996,8000007996
E007997,Emp07997,User07997,employee07997@example.com,9000007997,2022-03-08,HR,Manager,USD,ACTIVE,E000800,true,47997,8000007997
E007998,Emp07998,User07998,employee07998@example.com,9000007998,2022-03-09,Marketing,Developer,USD,ACTIVE,E000800,true,47998,8000007998
E007999,Emp07999,User07999,employee07999@example.com,9000007999,2022-03-10,Operations,Specialist,USD,ACTIVE,E000800,true,47999,8000007999
E008000,Emp08000,User08000,employee08000@example.com,9000008000,2022-03-11,Engineering,Software Engineer,USD,ACTIVE,E000800,true,48000,8000008000
E008001,Emp08001,User08001,employee08001@example.com,9000008001,2022-03-12,Finance,Analyst,USD,ACTIVE,E000801,true,48001,8000008001
E008002,Emp08002,User08002,employee08002@example.com,9000008002,2022-03-13,HR,Manager,USD,ACTIVE,E000801,true,48002,8000008002
E008003,Emp08003,User08003,employee08003@example.com,9000008003,2022-03-14,Marketing,Developer,USD,ACTIVE,E000801,true,48003,8000008003
E008004,Emp08004,User08004,employee08004@example.com,9000008004,2022-03-15,Operations,Specialist,USD,ACTIVE,E000801,true,48004,8000008004
E008005,Emp08005,User08005,employee08005@example.com,9000008005,2022-03-16,Engineering,Software Engineer,USD,ACTIVE,E000801,true,48005,8000008005
E008006,Emp08006,User08006,employee08006@example.com,9000008006,2022-03-17,Finance,Analyst,USD,ACTIVE,E000801,true,48006,8000008006
E008007,Emp08007,User08007,employee08007@example.com,9000008007,2022-03-18,HR,Manager,USD,ACTIVE,E000801,true,48007,8000008007
E008008,Emp08008,User08008,employee08008@example.com,9000008008,2022-03-19,Marketing,Developer,USD,ACTIVE,E000801,true,48008,8000008008
E008009,Emp08009,User08009,employee08009@example.com,9000008009,2022-03-20,Operations,Specialist,USD,ACTIVE,E000801,true,48009,8000008009
E008010,Emp08010,User08010,employee08010@example.com,9000008010,2022-03-21,Engineering,Software Engineer,USD,ACTIVE,E000801,true,48010,8000008010
E008011,Emp08011,User08011,employee08011@example.com,9000008011,2022-03-22,Finance,Analyst,USD,ACTIVE,E000802,true,48011,8000008011
E008012,Emp08012,User08012,employee08012@example.com,9000008012,2022-03-23,HR,Manager,USD,ACTIVE,E000802,true,48012,8000008012
E008013,Emp08013,User08013,employee08013@example.com,9000008013,2022-03-24,Marketing,Developer,USD,ACTIVE,E000802,true,48013,8000008013
E008014,Emp08014,User08014,employee08014@example.com,9000008014,2022-03-25,Operations,Specialist,USD,ACTIVE,E000802,true,48014,8000008014
E008015,Emp08015,User08015,employee08015@example.com,9000008015,2022-03-26,Engineering,Software Engineer,USD,ACTIVE,E000802,true,48015,8000008015
E008016,Emp08016,User08016,employee08016@example.com,9000008016,2022-03-27,Finance,Analyst,USD,ACTIVE,E000802,true,48016,8000008016
E008017,Emp08017,User08017,employee08017@example.com,9000008017,2022-03-28,HR,Manager,USD,ACTIVE,E000802,true,48017,8000008017
E008018,Emp08018,User08018,employee08018@example.com,9000008018,2022-03-29,Marketing,Developer,USD,ACTIVE,E000802,true,48018,8000008018
E008019,Emp08019,User08019,employee08019@example.com,9000008019,2022-03-30,Operations,Specialist,USD,ACTIVE,E000802,true,48019,8000008019
E008020,Emp08020,User08020,employee08020@example.com,9000008020,2022-03-31,Engineering,Software Engineer,USD,ACTIVE,E000802,true,48020,8000008020
E008021,Emp08021,User08021,employee08021@example.com,9000008021,2022-04-01,Finance,Analyst,USD,ACTIVE,E000803,true,48021,8000008021
E008022,Emp08022,User08022,employee08022@example.com,9000008022,2022-04-02,HR,Manager,USD,ACTIVE,E000803,true,48022,8000008022
E008023,Emp08023,User08023,employee08023@example.com,9000008023,2022-04-03,Marketing,Developer,USD,ACTIVE,E000803,true,48023,8000008023
E008024,Emp08024,User08024,employee08024@example.com,9000008024,2022-04-04,Operations,Specialist,USD,ACTIVE,E000803,true,48024,8000008024
E008025,Emp08025,User08025,employee08025@example.com,9000008025,2022-04-05,Engineering,Software Engineer,USD,ACTIVE,E000803,true,48025,8000008025
E008026,Emp08026,User08026,employee08026@example.com,9000008026,2022-04-06,Finance,Analyst,USD,ACTIVE,E000803,true,48026,8000008026
E008027,Emp08027,User08027,employee08027@example.com,9000008027,2022-04-07,HR,Manager,USD,ACTIVE,E000803,true,48027,8000008027
E008028,Emp08028,User08028,employee08028@example.com,9000008028,2022-04-08,Marketing,Developer,USD,ACTIVE,E000803,true,48028,8000008028
E008029,Emp08029,User08029,employee08029@example.com,9000008029,2022-04-09,Operations,Specialist,USD,ACTIVE,E000803,true,48029,8000008029
E008030,Emp08030,User08030,employee08030@example.com,9000008030,2022-04-10,Engineering,Software Engineer,USD,ACTIVE,E000803,true,48030,8000008030
E008031,Emp08031,User08031,employee08031@example.com,9000008031,2022-04-11,Finance,Analyst,USD,ACTIVE,E000804,true,48031,8000008031
E008032,Emp08032,User08032,employee08032@example.com,9000008032,2022-04-12,HR,Manager,USD,ACTIVE,E000804,true,48032,8000008032
E008033,Emp08033,User08033,employee08033@example.com,9000008033,2022-04-13,Marketing,Developer,USD,ACTIVE,E000804,true,48033,8000008033
E008034,Emp08034,User08034,employee08034@example.com,9000008034,2022-04-14,Operations,Specialist,USD,ACTIVE,E000804,true,48034,8000008034
E008035,Emp08035,User08035,employee08035@example.com,9000008035,2022-04-15,Engineering,Software Engineer,USD,ACTIVE,E000804,true,48035,8000008035
E008036,Emp08036,User08036,employee08036@example.com,9000008036,2022-04-16,Finance,Analyst,USD,ACTIVE,E000804,true,48036,8000008036
E008037,Emp08037,User08037,employee08037@example.com,9000008037,2022-04-17,HR,Manager,USD,ACTIVE,E000804,true,48037,8000008037
E008038,Emp08038,User08038,employee08038@example.com,9000008038,2022-04-18,Marketing,Developer,USD,ACTIVE,E000804,true,48038,8000008038
E008039,Emp08039,User08039,employee08039@example.com,9000008039,2022-04-19,Operations,Specialist,USD,ACTIVE,E000804,true,48039,8000008039
E008040,Emp08040,User08040,employee08040@example.com,9000008040,2022-04-20,Engineering,Software Engineer,USD,ACTIVE,E000804,true,48040,8000008040
E008041,Emp08041,User08041,employee08041@example.com,9000008041,2022-04-21,Finance,Analyst,USD,ACTIVE,E000805,true,48041,8000008041
E008042,Emp08042,User08042,employee08042@example.com,9000008042,2022-04-22,HR,Manager,USD,ACTIVE,E000805,true,48042,8000008042
E008043,Emp08043,User08043,employee08043@example.com,9000008043,2022-04-23,Marketing,Developer,USD,ACTIVE,E000805,true,48043,8000008043
E008044,Emp08044,User08044,employee08044@example.com,9000008044,2022-04-24,Operations,Specialist,USD,ACTIVE,E000805,true,48044,8000008044
E008045,Emp08045,User08045,employee08045@example.com,9000008045,2022-04-25,Engineering,Software Engineer,USD,ACTIVE,E000805,true,48045,8000008045
E008046,Emp08046,User08046,employee08046@example.com,9000008046,2022-04-26,Finance,Analyst,USD,ACTIVE,E000805,true,48046,8000008046
E008047,Emp08047,User08047,employee08047@example.com,9000008047,2022-04-27,HR,Manager,USD,ACTIVE,E000805,true,48047,8000008047
E008048,Emp08048,User08048,employee08048@example.com,9000008048,2022-04-28,Marketing,Developer,USD,ACTIVE,E000805,true,48048,8000008048
E008049,Emp08049,User08049,employee08049@example.com,9000008049,2022-04-29,Operations,Specialist,USD,ACTIVE,E000805,true,48049,8000008049
E008050,Emp08050,User08050,employee08050@example.com,9000008050,2022-04-30,Engineering,Software Engineer,USD,ACTIVE,E000805,true,48050,8000008050
E008051,Emp08051,User08051,employee08051@example.com,9000008051,2022-05-01,Finance,Analyst,USD,ACTIVE,E000806,true,48051,8000008051
E008052,Emp08052,User08052,employee08052@example.com,9000008052,2022-05-02,HR,Manager,USD,ACTIVE,E000806,true,48052,8000008052
E008053,Emp08053,User08053,employee08053@example.com,9000008053,2022-05-03,Marketing,Developer,USD,ACTIVE,E000806,true,48053,8000008053
E008054,Emp08054,User08054,employee08054@example.com,9000008054,2022-05-04,Operations,Specialist,USD,ACTIVE,E000806,true,48054,8000008054
E008055,Emp08055,User08055,employee08055@example.com,9000008055,2022-05-05,Engineering,Software Engineer,USD,ACTIVE,E000806,true,48055,8000008055
E008056,Emp08056,User08056,employee08056@example.com,9000008056,2022-05-06,Finance,Analyst,USD,ACTIVE,E000806,true,48056,8000008056
E008057,Emp08057,User08057,employee08057@example.com,9000008057,2022-05-07,HR,Manager,USD,ACTIVE,E000806,true,48057,8000008057
E008058,Emp08058,User08058,employee08058@example.com,9000008058,2022-05-08,Marketing,Developer,USD,ACTIVE,E000806,true,48058,8000008058
E008059,Emp08059,User08059,employee08059@example.com,9000008059,2022-05-09,Operations,Specialist,USD,ACTIVE,E000806,true,48059,8000008059
E008060,Emp08060,User08060,employee08060@example.com,9000008060,2022-05-10,Engineering,Software Engineer,USD,ACTIVE,E000806,true,48060,8000008060
E008061,Emp08061,User08061,employee08061@example.com,9000008061,2022-05-11,Finance,Analyst,USD,ACTIVE,E000807,true,48061,8000008061
E008062,Emp08062,User08062,employee08062@example.com,9000008062,2022-05-12,HR,Manager,USD,ACTIVE,E000807,true,48062,8000008062
E008063,Emp08063,User08063,employee08063@example.com,9000008063,2022-05-13,Marketing,Developer,USD,ACTIVE,E000807,true,48063,8000008063
E008064,Emp08064,User08064,employee08064@example.com,9000008064,2022-05-14,Operations,Specialist,USD,ACTIVE,E000807,true,48064,8000008064
E008065,Emp08065,User08065,employee08065@example.com,9000008065,2022-05-15,Engineering,Software Engineer,USD,ACTIVE,E000807,true,48065,8000008065
E008066,Emp08066,User08066,employee08066@example.com,9000008066,2022-05-16,Finance,Analyst,USD,ACTIVE,E000807,true,48066,8000008066
E008067,Emp08067,User08067,employee08067@example.com,9000008067,2022-05-17,HR,Manager,USD,ACTIVE,E000807,true,48067,8000008067
E008068,Emp08068,User08068,employee08068@example.com,9000008068,2022-05-18,Marketing,Developer,USD,ACTIVE,E000807,true,48068,8000008068
E008069,Emp08069,User08069,employee08069@example.com,9000008069,2022-05-19,Operations,Specialist,USD,ACTIVE,E000807,true,48069,8000008069
E008070,Emp08070,User08070,employee08070@example.com,9000008070,2022-05-20,Engineering,Software Engineer,USD,ACTIVE,E000807,true,48070,8000008070
E008071,Emp08071,User08071,employee08071@example.com,9000008071,2022-05-21,Finance,Analyst,USD,ACTIVE,E000808,true,48071,8000008071
E008072,Emp08072,User08072,employee08072@example.com,9000008072,2022-05-22,HR,Manager,USD,ACTIVE,E000808,true,48072,8000008072
E008073,Emp08073,User08073,employee08073@example.com,9000008073,2022-05-23,Marketing,Developer,USD,ACTIVE,E000808,true,48073,8000008073
E008074,Emp08074,User08074,employee08074@example.com,9000008074,2022-05-24,Operations,Specialist,USD,ACTIVE,E000808,true,48074,8000008074
E008075,Emp08075,User08075,employee08075@example.com,9000008075,2022-05-25,Engineering,Software Engineer,USD,ACTIVE,E000808,true,48075,8000008075
E008076,Emp08076,User08076,employee08076@example.com,9000008076,2022-05-26,Finance,Analyst,USD,ACTIVE,E000808,true,48076,8000008076
E008077,Emp08077,User08077,employee08077@example.com,9000008077,2022-05-27,HR,Manager,USD,ACTIVE,E000808,true,48077,8000008077
E008078,Emp08078,User08078,employee08078@example.com,9000008078,2022-05-28,Marketing,Developer,USD,ACTIVE,E000808,true,48078,8000008078
E008079,Emp08079,User08079,employee08079@example.com,9000008079,2022-05-29,Operations,Specialist,USD,ACTIVE,E000808,true,48079,8000008079
E008080,Emp08080,User08080,employee08080@example.com,9000008080,2022-05-30,Engineering,Software Engineer,USD,ACTIVE,E000808,true,48080,8000008080
E008081,Emp08081,User08081,employee08081@example.com,9000008081,2022-05-31,Finance,Analyst,USD,ACTIVE,E000809,true,48081,8000008081
E008082,Emp08082,User08082,employee08082@example.com,9000008082,2022-06-01,HR,Manager,USD,ACTIVE,E000809,true,48082,8000008082
E008083,Emp08083,User08083,employee08083@example.com,9000008083,2022-06-02,Marketing,Developer,USD,ACTIVE,E000809,true,48083,8000008083
E008084,Emp08084,User08084,employee08084@example.com,9000008084,2022-06-03,Operations,Specialist,USD,ACTIVE,E000809,true,48084,8000008084
E008085,Emp08085,User08085,employee08085@example.com,9000008085,2022-06-04,Engineering,Software Engineer,USD,ACTIVE,E000809,true,48085,8000008085
E008086,Emp08086,User08086,employee08086@example.com,9000008086,2022-06-05,Finance,Analyst,USD,ACTIVE,E000809,true,48086,8000008086
E008087,Emp08087,User08087,employee08087@example.com,9000008087,2022-06-06,HR,Manager,USD,ACTIVE,E000809,true,48087,8000008087
E008088,Emp08088,User08088,employee08088@example.com,9000008088,2022-06-07,Marketing,Developer,USD,ACTIVE,E000809,true,48088,8000008088
E008089,Emp08089,User08089,employee08089@example.com,9000008089,2022-06-08,Operations,Specialist,USD,ACTIVE,E000809,true,48089,8000008089
E008090,Emp08090,User08090,employee08090@example.com,9000008090,2022-06-09,Engineering,Software Engineer,USD,ACTIVE,E000809,true,48090,8000008090
E008091,Emp08091,User08091,employee08091@example.com,9000008091,2022-06-10,Finance,Analyst,USD,ACTIVE,E000810,true,48091,8000008091
E008092,Emp08092,User08092,employee08092@example.com,9000008092,2022-06-11,HR,Manager,USD,ACTIVE,E000810,true,48092,8000008092
E008093,Emp08093,User08093,employee08093@example.com,9000008093,2022-06-12,Marketing,Developer,USD,ACTIVE,E000810,true,48093,8000008093
E008094,Emp08094,User08094,employee08094@example.com,9000008094,2022-06-13,Operations,Specialist,USD,ACTIVE,E000810,true,48094,8000008094
E008095,Emp08095,User08095,employee08095@example.com,9000008095,2022-06-14,Engineering,Software Engineer,USD,ACTIVE,E000810,true,48095,8000008095
E008096,Emp08096,User08096,employee08096@example.com,9000008096,2022-06-15,Finance,Analyst,USD,ACTIVE,E000810,true,48096,8000008096
E008097,Emp08097,User08097,employee08097@example.com,9000008097,2022-06-16,HR,Manager,USD,ACTIVE,E000810,true,48097,8000008097
E008098,Emp08098,User08098,employee08098@example.com,9000008098,2022-06-17,Marketing,Developer,USD,ACTIVE,E000810,true,48098,8000008098
E008099,Emp08099,User08099,employee08099@example.com,9000008099,2022-06-18,Operations,Specialist,USD,ACTIVE,E000810,true,48099,8000008099
E008100,Emp08100,User08100,employee08100@example.com,9000008100,2022-06-19,Engineering,Software Engineer,USD,ACTIVE,E000810,true,48100,8000008100
E008101,Emp08101,User08101,employee08101@example.com,9000008101,2022-06-20,Finance,Analyst,USD,ACTIVE,E000811,true,48101,8000008101
E008102,Emp08102,User08102,employee08102@example.com,9000008102,2022-06-21,HR,Manager,USD,ACTIVE,E000811,true,48102,8000008102
E008103,Emp08103,User08103,employee08103@example.com,9000008103,2022-06-22,Marketing,Developer,USD,ACTIVE,E000811,true,48103,8000008103
E008104,Emp08104,User08104,employee08104@example.com,9000008104,2022-06-23,Operations,Specialist,USD,ACTIVE,E000811,true,48104,8000008104
E008105,Emp08105,User08105,employee08105@example.com,9000008105,2022-06-24,Engineering,Software Engineer,USD,ACTIVE,E000811,true,48105,8000008105
E008106,Emp08106,User08106,employee08106@example.com,9000008106,2022-06-25,Finance,Analyst,USD,ACTIVE,E000811,true,48106,8000008106
E008107,Emp08107,User08107,employee08107@example.com,9000008107,2022-06-26,HR,Manager,USD,ACTIVE,E000811,true,48107,8000008107
E008108,Emp08108,User08108,employee08108@example.com,9000008108,2022-06-27,Marketing,Developer,USD,ACTIVE,E000811,true,48108,8000008108
E008109,Emp08109,User08109,employee08109@example.com,9000008109,2022-06-28,Operations,Specialist,USD,ACTIVE,E000811,true,48109,8000008109
E008110,Emp08110,User08110,employee08110@example.com,9000008110,2022-06-29,Engineering,Software Engineer,USD,ACTIVE,E000811,true,48110,8000008110
E008111,Emp08111,User08111,employee08111@example.com,9000008111,2022-06-30,Finance,Analyst,USD,ACTIVE,E000812,true,48111,8000008111
E008112,Emp08112,User08112,employee08112@example.com,9000008112,2022-07-01,HR,Manager,USD,ACTIVE,E000812,true,48112,8000008112
E008113,Emp08113,User08113,employee08113@example.com,9000008113,2022-07-02,Marketing,Developer,USD,ACTIVE,E000812,true,48113,8000008113
E008114,Emp08114,User08114,employee08114@example.com,9000008114,2022-07-03,Operations,Specialist,USD,ACTIVE,E000812,true,48114,8000008114
E008115,Emp08115,User08115,employee08115@example.com,9000008115,2022-07-04,Engineering,Software Engineer,USD,ACTIVE,E000812,true,48115,8000008115
E008116,Emp08116,User08116,employee08116@example.com,9000008116,2022-07-05,Finance,Analyst,USD,ACTIVE,E000812,true,48116,8000008116
E008117,Emp08117,User08117,employee08117@example.com,9000008117,2022-07-06,HR,Manager,USD,ACTIVE,E000812,true,48117,8000008117
E008118,Emp08118,User08118,employee08118@example.com,9000008118,2022-07-07,Marketing,Developer,USD,ACTIVE,E000812,true,48118,8000008118
E008119,Emp08119,User08119,employee08119@example.com,9000008119,2022-07-08,Operations,Specialist,USD,ACTIVE,E000812,true,48119,8000008119
E008120,Emp08120,User08120,employee08120@example.com,9000008120,2022-07-09,Engineering,Software Engineer,USD,ACTIVE,E000812,true,48120,8000008120
E008121,Emp08121,User08121,employee08121@example.com,9000008121,2022-07-10,Finance,Analyst,USD,ACTIVE,E000813,true,48121,8000008121
E008122,Emp08122,User08122,employee08122@example.com,9000008122,2022-07-11,HR,Manager,USD,ACTIVE,E000813,true,48122,8000008122
E008123,Emp08123,User08123,employee08123@example.com,9000008123,2022-07-12,Marketing,Developer,USD,ACTIVE,E000813,true,48123,8000008123
E008124,Emp08124,User08124,employee08124@example.com,9000008124,2022-07-13,Operations,Specialist,USD,ACTIVE,E000813,true,48124,8000008124
E008125,Emp08125,User08125,employee08125@example.com,9000008125,2022-07-14,Engineering,Software Engineer,USD,ACTIVE,E000813,true,48125,8000008125
E008126,Emp08126,User08126,employee08126@example.com,9000008126,2022-07-15,Finance,Analyst,USD,ACTIVE,E000813,true,48126,8000008126
E008127,Emp08127,User08127,employee08127@example.com,9000008127,2022-07-16,HR,Manager,USD,ACTIVE,E000813,true,48127,8000008127
E008128,Emp08128,User08128,employee08128@example.com,9000008128,2022-07-17,Marketing,Developer,USD,ACTIVE,E000813,true,48128,8000008128
E008129,Emp08129,User08129,employee08129@example.com,9000008129,2022-07-18,Operations,Specialist,USD,ACTIVE,E000813,true,48129,8000008129
E008130,Emp08130,User08130,employee08130@example.com,9000008130,2022-07-19,Engineering,Software Engineer,USD,ACTIVE,E000813,true,48130,8000008130
E008131,Emp08131,User08131,employee08131@example.com,9000008131,2022-07-20,Finance,Analyst,USD,ACTIVE,E000814,true,48131,8000008131
E008132,Emp08132,User08132,employee08132@example.com,9000008132,2022-07-21,HR,Manager,USD,ACTIVE,E000814,true,48132,8000008132
E008133,Emp08133,User08133,employee08133@example.com,9000008133,2022-07-22,Marketing,Developer,USD,ACTIVE,E000814,true,48133,8000008133
E008134,Emp08134,User08134,employee08134@example.com,9000008134,2022-07-23,Operations,Specialist,USD,ACTIVE,E000814,true,48134,8000008134
E008135,Emp08135,User08135,employee08135@example.com,9000008135,2022-07-24,Engineering,Software Engineer,USD,ACTIVE,E000814,true,48135,8000008135
E008136,Emp08136,User08136,employee08136@example.com,9000008136,2022-07-25,Finance,Analyst,USD,ACTIVE,E000814,true,48136,8000008136
E008137,Emp08137,User08137,employee08137@example.com,9000008137,2022-07-26,HR,Manager,USD,ACTIVE,E000814,true,48137,8000008137
E008138,Emp08138,User08138,employee08138@example.com,9000008138,2022-07-27,Marketing,Developer,USD,ACTIVE,E000814,true,48138,8000008138
E008139,Emp08139,User08139,employee08139@example.com,9000008139,2022-07-28,Operations,Specialist,USD,ACTIVE,E000814,true,48139,8000008139
E008140,Emp08140,User08140,employee08140@example.com,9000008140,2022-07-29,Engineering,Software Engineer,USD,ACTIVE,E000814,true,48140,8000008140
E008141,Emp08141,User08141,employee08141@example.com,9000008141,2022-07-30,Finance,Analyst,USD,ACTIVE,E000815,true,48141,8000008141
E008142,Emp08142,User08142,employee08142@example.com,9000008142,2022-07-31,HR,Manager,USD,ACTIVE,E000815,true,48142,8000008142
E008143,Emp08143,User08143,employee08143@example.com,9000008143,2022-08-01,Marketing,Developer,USD,ACTIVE,E000815,true,48143,8000008143
E008144,Emp08144,User08144,employee08144@example.com,9000008144,2022-08-02,Operations,Specialist,USD,ACTIVE,E000815,true,48144,8000008144
E008145,Emp08145,User08145,employee08145@example.com,9000008145,2022-08-03,Engineering,Software Engineer,USD,ACTIVE,E000815,true,48145,8000008145
E008146,Emp08146,User08146,employee08146@example.com,9000008146,2022-08-04,Finance,Analyst,USD,ACTIVE,E000815,true,48146,8000008146
E008147,Emp08147,User08147,employee08147@example.com,9000008147,2022-08-05,HR,Manager,USD,ACTIVE,E000815,true,48147,8000008147
E008148,Emp08148,User08148,employee08148@example.com,9000008148,2022-08-06,Marketing,Developer,USD,ACTIVE,E000815,true,48148,8000008148
E008149,Emp08149,User08149,employee08149@example.com,9000008149,2022-08-07,Operations,Specialist,USD,ACTIVE,E000815,true,48149,8000008149
E008150,Emp08150,User08150,employee08150@example.com,9000008150,2022-08-08,Engineering,Software Engineer,USD,ACTIVE,E000815,true,48150,8000008150
E008151,Emp08151,User08151,employee08151@example.com,9000008151,2022-08-09,Finance,Analyst,USD,ACTIVE,E000816,true,48151,8000008151
E008152,Emp08152,User08152,employee08152@example.com,9000008152,2022-08-10,HR,Manager,USD,ACTIVE,E000816,true,48152,8000008152
E008153,Emp08153,User08153,employee08153@example.com,9000008153,2022-08-11,Marketing,Developer,USD,ACTIVE,E000816,true,48153,8000008153
E008154,Emp08154,User08154,employee08154@example.com,9000008154,2022-08-12,Operations,Specialist,USD,ACTIVE,E000816,true,48154,8000008154
E008155,Emp08155,User08155,employee08155@example.com,9000008155,2022-08-13,Engineering,Software Engineer,USD,ACTIVE,E000816,true,48155,8000008155
E008156,Emp08156,User08156,employee08156@example.com,9000008156,2022-08-14,Finance,Analyst,USD,ACTIVE,E000816,true,48156,8000008156
E008157,Emp08157,User08157,employee08157@example.com,9000008157,2022-08-15,HR,Manager,USD,ACTIVE,E000816,true,48157,8000008157
E008158,Emp08158,User08158,employee08158@example.com,9000008158,2022-08-16,Marketing,Developer,USD,ACTIVE,E000816,true,48158,8000008158
E008159,Emp08159,User08159,employee08159@example.com,9000008159,2022-08-17,Operations,Specialist,USD,ACTIVE,E000816,true,48159,8000008159
E008160,Emp08160,User08160,employee08160@example.com,9000008160,2022-08-18,Engineering,Software Engineer,USD,ACTIVE,E000816,true,48160,8000008160
E008161,Emp08161,User08161,employee08161@example.com,9000008161,2022-08-19,Finance,Analyst,USD,ACTIVE,E000817,true,48161,8000008161
E008162,Emp08162,User08162,employee08162@example.com,9000008162,2022-08-20,HR,Manager,USD,ACTIVE,E000817,true,48162,8000008162
E008163,Emp08163,User08163,employee08163@example.com,9000008163,2022-08-21,Marketing,Developer,USD,ACTIVE,E000817,true,48163,8000008163
E008164,Emp08164,User08164,employee08164@example.com,9000008164,2022-08-22,Operations,Specialist,USD,ACTIVE,E000817,true,48164,8000008164
E008165,Emp08165,User08165,employee08165@example.com,9000008165,2022-08-23,Engineering,Software Engineer,USD,ACTIVE,E000817,true,48165,8000008165
E008166,Emp08166,User08166,employee08166@example.com,9000008166,2022-08-24,Finance,Analyst,USD,ACTIVE,E000817,true,48166,8000008166
E008167,Emp08167,User08167,employee08167@example.com,9000008167,2022-08-25,HR,Manager,USD,ACTIVE,E000817,true,48167,8000008167
E008168,Emp08168,User08168,employee08168@example.com,9000008168,2022-08-26,Marketing,Developer,USD,ACTIVE,E000817,true,48168,8000008168
E008169,Emp08169,User08169,employee08169@example.com,9000008169,2022-08-27,Operations,Specialist,USD,ACTIVE,E000817,true,48169,8000008169
E008170,Emp08170,User08170,employee08170@example.com,9000008170,2022-08-28,Engineering,Software Engineer,USD,ACTIVE,E000817,true,48170,8000008170
E008171,Emp08171,User08171,employee08171@example.com,9000008171,2022-08-29,Finance,Analyst,USD,ACTIVE,E000818,true,48171,8000008171
E008172,Emp08172,User08172,employee08172@example.com,9000008172,2022-08-30,HR,Manager,USD,ACTIVE,E000818,true,48172,8000008172
E008173,Emp08173,User08173,employee08173@example.com,9000008173,2022-08-31,Marketing,Developer,USD,ACTIVE,E000818,true,48173,8000008173
E008174,Emp08174,User08174,employee08174@example.com,9000008174,2022-09-01,Operations,Specialist,USD,ACTIVE,E000818,true,48174,8000008174
E008175,Emp08175,User08175,employee08175@example.com,9000008175,2022-09-02,Engineering,Software Engineer,USD,ACTIVE,E000818,true,48175,8000008175
E008176,Emp08176,User08176,employee08176@example.com,9000008176,2022-09-03,Finance,Analyst,USD,ACTIVE,E000818,true,48176,8000008176
E008177,Emp08177,User08177,employee08177@example.com,9000008177,2022-09-04,HR,Manager,USD,ACTIVE,E000818,true,48177,8000008177
E008178,Emp08178,User08178,employee08178@example.com,9000008178,2022-09-05,Marketing,Developer,USD,ACTIVE,E000818,true,48178,8000008178
E008179,Emp08179,User08179,employee08179@example.com,9000008179,2022-09-06,Operations,Specialist,USD,ACTIVE,E000818,true,48179,8000008179
E008180,Emp08180,User08180,employee08180@example.com,9000008180,2022-09-07,Engineering,Software Engineer,USD,ACTIVE,E000818,true,48180,8000008180
E008181,Emp08181,User08181,employee08181@example.com,9000008181,2022-09-08,Finance,Analyst,USD,ACTIVE,E000819,true,48181,8000008181
E008182,Emp08182,User08182,employee08182@example.com,9000008182,2022-09-09,HR,Manager,USD,ACTIVE,E000819,true,48182,8000008182
E008183,Emp08183,User08183,employee08183@example.com,9000008183,2022-09-10,Marketing,Developer,USD,ACTIVE,E000819,true,48183,8000008183
E008184,Emp08184,User08184,employee08184@example.com,9000008184,2022-09-11,Operations,Specialist,USD,ACTIVE,E000819,true,48184,8000008184
E008185,Emp08185,User08185,employee08185@example.com,9000008185,2022-09-12,Engineering,Software Engineer,USD,ACTIVE,E000819,true,48185,8000008185
E008186,Emp08186,User08186,employee08186@example.com,9000008186,2022-09-13,Finance,Analyst,USD,ACTIVE,E000819,true,48186,8000008186
E008187,Emp08187,User08187,employee08187@example.com,9000008187,2022-09-14,HR,Manager,USD,ACTIVE,E000819,true,48187,8000008187
E008188,Emp08188,User08188,employee08188@example.com,9000008188,2022-09-15,Marketing,Developer,USD,ACTIVE,E000819,true,48188,8000008188
E008189,Emp08189,User08189,employee08189@example.com,9000008189,2022-09-16,Operations,Specialist,USD,ACTIVE,E000819,true,48189,8000008189
E008190,Emp08190,User08190,employee08190@example.com,9000008190,2022-09-17,Engineering,Software Engineer,USD,ACTIVE,E000819,true,48190,8000008190
E008191,Emp08191,User08191,employee08191@example.com,9000008191,2022-09-18,Finance,Analyst,USD,ACTIVE,E000820,true,48191,8000008191
E008192,Emp08192,User08192,employee08192@example.com,9000008192,2022-09-19,HR,Manager,USD,ACTIVE,E000820,true,48192,8000008192
E008193,Emp08193,User08193,employee08193@example.com,9000008193,2022-09-20,Marketing,Developer,USD,ACTIVE,E000820,true,48193,8000008193
E008194,Emp08194,User08194,employee08194@example.com,9000008194,2022-09-21,Operations,Specialist,USD,ACTIVE,E000820,true,48194,8000008194
E008195,Emp08195,User08195,employee08195@example.com,9000008195,2022-09-22,Engineering,Software Engineer,USD,ACTIVE,E000820,true,48195,8000008195
E008196,Emp08196,User08196,employee08196@example.com,9000008196,2022-09-23,Finance,Analyst,USD,ACTIVE,E000820,true,48196,8000008196
E008197,Emp08197,User08197,employee08197@example.com,9000008197,2022-09-24,HR,Manager,USD,ACTIVE,E000820,true,48197,8000008197
E008198,Emp08198,User08198,employee08198@example.com,9000008198,2022-09-25,Marketing,Developer,USD,ACTIVE,E000820,true,48198,8000008198
E008199,Emp08199,User08199,employee08199@example.com,9000008199,2022-09-26,Operations,Specialist,USD,ACTIVE,E000820,true,48199,8000008199
E008200,Emp08200,User08200,employee08200@example.com,9000008200,2022-09-27,Engineering,Software Engineer,USD,ACTIVE,E000820,true,48200,8000008200
E008201,Emp08201,User08201,employee08201@example.com,9000008201,2022-09-28,Finance,Analyst,USD,ACTIVE,E000821,true,48201,8000008201
E008202,Emp08202,User08202,employee08202@example.com,9000008202,2022-09-29,HR,Manager,USD,ACTIVE,E000821,true,48202,8000008202
E008203,Emp08203,User08203,employee08203@example.com,9000008203,2022-09-30,Marketing,Developer,USD,ACTIVE,E000821,true,48203,8000008203
E008204,Emp08204,User08204,employee08204@example.com,9000008204,2022-10-01,Operations,Specialist,USD,ACTIVE,E000821,true,48204,8000008204
E008205,Emp08205,User08205,employee08205@example.com,9000008205,2022-10-02,Engineering,Software Engineer,USD,ACTIVE,E000821,true,48205,8000008205
E008206,Emp08206,User08206,employee08206@example.com,9000008206,2022-10-03,Finance,Analyst,USD,ACTIVE,E000821,true,48206,8000008206
E008207,Emp08207,User08207,employee08207@example.com,9000008207,2022-10-04,HR,Manager,USD,ACTIVE,E000821,true,48207,8000008207
E008208,Emp08208,User08208,employee08208@example.com,9000008208,2022-10-05,Marketing,Developer,USD,ACTIVE,E000821,true,48208,8000008208
E008209,Emp08209,User08209,employee08209@example.com,9000008209,2022-10-06,Operations,Specialist,USD,ACTIVE,E000821,true,48209,8000008209
E008210,Emp08210,User08210,employee08210@example.com,9000008210,2022-10-07,Engineering,Software Engineer,USD,ACTIVE,E000821,true,48210,8000008210
E008211,Emp08211,User08211,employee08211@example.com,9000008211,2022-10-08,Finance,Analyst,USD,ACTIVE,E000822,true,48211,8000008211
E008212,Emp08212,User08212,employee08212@example.com,9000008212,2022-10-09,HR,Manager,USD,ACTIVE,E000822,true,48212,8000008212
E008213,Emp08213,User08213,employee08213@example.com,9000008213,2022-10-10,Marketing,Developer,USD,ACTIVE,E000822,true,48213,8000008213
E008214,Emp08214,User08214,employee08214@example.com,9000008214,2022-10-11,Operations,Specialist,USD,ACTIVE,E000822,true,48214,8000008214
E008215,Emp08215,User08215,employee08215@example.com,9000008215,2022-10-12,Engineering,Software Engineer,USD,ACTIVE,E000822,true,48215,8000008215
E008216,Emp08216,User08216,employee08216@example.com,9000008216,2022-10-13,Finance,Analyst,USD,ACTIVE,E000822,true,48216,8000008216
E008217,Emp08217,User08217,employee08217@example.com,9000008217,2022-10-14,HR,Manager,USD,ACTIVE,E000822,true,48217,8000008217
E008218,Emp08218,User08218,employee08218@example.com,9000008218,2022-10-15,Marketing,Developer,USD,ACTIVE,E000822,true,48218,8000008218
E008219,Emp08219,User08219,employee08219@example.com,9000008219,2022-10-16,Operations,Specialist,USD,ACTIVE,E000822,true,48219,8000008219
E008220,Emp08220,User08220,employee08220@example.com,9000008220,2022-10-17,Engineering,Software Engineer,USD,ACTIVE,E000822,true,48220,8000008220
E008221,Emp08221,User08221,employee08221@example.com,9000008221,2022-10-18,Finance,Analyst,USD,ACTIVE,E000823,true,48221,8000008221
E008222,Emp08222,User08222,employee08222@example.com,9000008222,2022-10-19,HR,Manager,USD,ACTIVE,E000823,true,48222,8000008222
E008223,Emp08223,User08223,employee08223@example.com,9000008223,2022-10-20,Marketing,Developer,USD,ACTIVE,E000823,true,48223,8000008223
E008224,Emp08224,User08224,employee08224@example.com,9000008224,2022-10-21,Operations,Specialist,USD,ACTIVE,E000823,true,48224,8000008224
E008225,Emp08225,User08225,employee08225@example.com,9000008225,2022-10-22,Engineering,Software Engineer,USD,ACTIVE,E000823,true,48225,8000008225
E008226,Emp08226,User08226,employee08226@example.com,9000008226,2022-10-23,Finance,Analyst,USD,ACTIVE,E000823,true,48226,8000008226
E008227,Emp08227,User08227,employee08227@example.com,9000008227,2022-10-24,HR,Manager,USD,ACTIVE,E000823,true,48227,8000008227
E008228,Emp08228,User08228,employee08228@example.com,9000008228,2022-10-25,Marketing,Developer,USD,ACTIVE,E000823,true,48228,8000008228
E008229,Emp08229,User08229,employee08229@example.com,9000008229,2022-10-26,Operations,Specialist,USD,ACTIVE,E000823,true,48229,8000008229
E008230,Emp08230,User08230,employee08230@example.com,9000008230,2022-10-27,Engineering,Software Engineer,USD,ACTIVE,E000823,true,48230,8000008230
E008231,Emp08231,User08231,employee08231@example.com,9000008231,2022-10-28,Finance,Analyst,USD,ACTIVE,E000824,true,48231,8000008231
E008232,Emp08232,User08232,employee08232@example.com,9000008232,2022-10-29,HR,Manager,USD,ACTIVE,E000824,true,48232,8000008232
E008233,Emp08233,User08233,employee08233@example.com,9000008233,2022-10-30,Marketing,Developer,USD,ACTIVE,E000824,true,48233,8000008233
E008234,Emp08234,User08234,employee08234@example.com,9000008234,2022-10-31,Operations,Specialist,USD,ACTIVE,E000824,true,48234,8000008234
E008235,Emp08235,User08235,employee08235@example.com,9000008235,2022-11-01,Engineering,Software Engineer,USD,ACTIVE,E000824,true,48235,8000008235
E008236,Emp08236,User08236,employee08236@example.com,9000008236,2022-11-02,Finance,Analyst,USD,ACTIVE,E000824,true,48236,8000008236
E008237,Emp08237,User08237,employee08237@example.com,9000008237,2022-11-03,HR,Manager,USD,ACTIVE,E000824,true,48237,8000008237
E008238,Emp08238,User08238,employee08238@example.com,9000008238,2022-11-04,Marketing,Developer,USD,ACTIVE,E000824,true,48238,8000008238
E008239,Emp08239,User08239,employee08239@example.com,9000008239,2022-11-05,Operations,Specialist,USD,ACTIVE,E000824,true,48239,8000008239
E008240,Emp08240,User08240,employee08240@example.com,9000008240,2022-11-06,Engineering,Software Engineer,USD,ACTIVE,E000824,true,48240,8000008240
E008241,Emp08241,User08241,employee08241@example.com,9000008241,2022-11-07,Finance,Analyst,USD,ACTIVE,E000825,true,48241,8000008241
E008242,Emp08242,User08242,employee08242@example.com,9000008242,2022-11-08,HR,Manager,USD,ACTIVE,E000825,true,48242,8000008242
E008243,Emp08243,User08243,employee08243@example.com,9000008243,2022-11-09,Marketing,Developer,USD,ACTIVE,E000825,true,48243,8000008243
E008244,Emp08244,User08244,employee08244@example.com,9000008244,2022-11-10,Operations,Specialist,USD,ACTIVE,E000825,true,48244,8000008244
E008245,Emp08245,User08245,employee08245@example.com,9000008245,2022-11-11,Engineering,Software Engineer,USD,ACTIVE,E000825,true,48245,8000008245
E008246,Emp08246,User08246,employee08246@example.com,9000008246,2022-11-12,Finance,Analyst,USD,ACTIVE,E000825,true,48246,8000008246
E008247,Emp08247,User08247,employee08247@example.com,9000008247,2022-11-13,HR,Manager,USD,ACTIVE,E000825,true,48247,8000008247
E008248,Emp08248,User08248,employee08248@example.com,9000008248,2022-11-14,Marketing,Developer,USD,ACTIVE,E000825,true,48248,8000008248
E008249,Emp08249,User08249,employee08249@example.com,9000008249,2022-11-15,Operations,Specialist,USD,ACTIVE,E000825,true,48249,8000008249
E008250,Emp08250,User08250,employee08250@example.com,9000008250,2022-11-16,Engineering,Software Engineer,USD,ACTIVE,E000825,true,48250,8000008250
E008251,Emp08251,User08251,employee08251@example.com,9000008251,2022-11-17,Finance,Analyst,USD,ACTIVE,E000826,true,48251,8000008251
E008252,Emp08252,User08252,employee08252@example.com,9000008252,2022-11-18,HR,Manager,USD,ACTIVE,E000826,true,48252,8000008252
E008253,Emp08253,User08253,employee08253@example.com,9000008253,2022-11-19,Marketing,Developer,USD,ACTIVE,E000826,true,48253,8000008253
E008254,Emp08254,User08254,employee08254@example.com,9000008254,2022-11-20,Operations,Specialist,USD,ACTIVE,E000826,true,48254,8000008254
E008255,Emp08255,User08255,employee08255@example.com,9000008255,2022-11-21,Engineering,Software Engineer,USD,ACTIVE,E000826,true,48255,8000008255
E008256,Emp08256,User08256,employee08256@example.com,9000008256,2022-11-22,Finance,Analyst,USD,ACTIVE,E000826,true,48256,8000008256
E008257,Emp08257,User08257,employee08257@example.com,9000008257,2022-11-23,HR,Manager,USD,ACTIVE,E000826,true,48257,8000008257
E008258,Emp08258,User08258,employee08258@example.com,9000008258,2022-11-24,Marketing,Developer,USD,ACTIVE,E000826,true,48258,8000008258
E008259,Emp08259,User08259,employee08259@example.com,9000008259,2022-11-25,Operations,Specialist,USD,ACTIVE,E000826,true,48259,8000008259
E008260,Emp08260,User08260,employee08260@example.com,9000008260,2022-11-26,Engineering,Software Engineer,USD,ACTIVE,E000826,true,48260,8000008260
E008261,Emp08261,User08261,employee08261@example.com,9000008261,2022-11-27,Finance,Analyst,USD,ACTIVE,E000827,true,48261,8000008261
E008262,Emp08262,User08262,employee08262@example.com,9000008262,2022-11-28,HR,Manager,USD,ACTIVE,E000827,true,48262,8000008262
E008263,Emp08263,User08263,employee08263@example.com,9000008263,2022-11-29,Marketing,Developer,USD,ACTIVE,E000827,true,48263,8000008263
E008264,Emp08264,User08264,employee08264@example.com,9000008264,2022-11-30,Operations,Specialist,USD,ACTIVE,E000827,true,48264,8000008264
E008265,Emp08265,User08265,employee08265@example.com,9000008265,2022-12-01,Engineering,Software Engineer,USD,ACTIVE,E000827,true,48265,8000008265
E008266,Emp08266,User08266,employee08266@example.com,9000008266,2022-12-02,Finance,Analyst,USD,ACTIVE,E000827,true,48266,8000008266
E008267,Emp08267,User08267,employee08267@example.com,9000008267,2022-12-03,HR,Manager,USD,ACTIVE,E000827,true,48267,8000008267
E008268,Emp08268,User08268,employee08268@example.com,9000008268,2022-12-04,Marketing,Developer,USD,ACTIVE,E000827,true,48268,8000008268
E008269,Emp08269,User08269,employee08269@example.com,9000008269,2022-12-05,Operations,Specialist,USD,ACTIVE,E000827,true,48269,8000008269
E008270,Emp08270,User08270,employee08270@example.com,9000008270,2022-12-06,Engineering,Software Engineer,USD,ACTIVE,E000827,true,48270,8000008270
E008271,Emp08271,User08271,employee08271@example.com,9000008271,2022-12-07,Finance,Analyst,USD,ACTIVE,E000828,true,48271,8000008271
E008272,Emp08272,User08272,employee08272@example.com,9000008272,2022-12-08,HR,Manager,USD,ACTIVE,E000828,true,48272,8000008272
E008273,Emp08273,User08273,employee08273@example.com,9000008273,2022-12-09,Marketing,Developer,USD,ACTIVE,E000828,true,48273,8000008273
E008274,Emp08274,User08274,employee08274@example.com,9000008274,2022-12-10,Operations,Specialist,USD,ACTIVE,E000828,true,48274,8000008274
E008275,Emp08275,User08275,employee08275@example.com,9000008275,2022-12-11,Engineering,Software Engineer,USD,ACTIVE,E000828,true,48275,8000008275
E008276,Emp08276,User08276,employee08276@example.com,9000008276,2022-12-12,Finance,Analyst,USD,ACTIVE,E000828,true,48276,8000008276
E008277,Emp08277,User08277,employee08277@example.com,9000008277,2022-12-13,HR,Manager,USD,ACTIVE,E000828,true,48277,8000008277
E008278,Emp08278,User08278,employee08278@example.com,9000008278,2022-12-14,Marketing,Developer,USD,ACTIVE,E000828,true,48278,8000008278
E008279,Emp08279,User08279,employee08279@example.com,9000008279,2022-12-15,Operations,Specialist,USD,ACTIVE,E000828,true,48279,8000008279
E008280,Emp08280,User08280,employee08280@example.com,9000008280,2022-12-16,Engineering,Software Engineer,USD,ACTIVE,E000828,true,48280,8000008280
E008281,Emp08281,User08281,employee08281@example.com,9000008281,2022-12-17,Finance,Analyst,USD,ACTIVE,E000829,true,48281,8000008281
E008282,Emp08282,User08282,employee08282@example.com,9000008282,2022-12-18,HR,Manager,USD,ACTIVE,E000829,true,48282,8000008282
E008283,Emp08283,User08283,employee08283@example.com,9000008283,2022-12-19,Marketing,Developer,USD,ACTIVE,E000829,true,48283,8000008283
E008284,Emp08284,User08284,employee08284@example.com,9000008284,2022-12-20,Operations,Specialist,USD,ACTIVE,E000829,true,48284,8000008284
E008285,Emp08285,User08285,employee08285@example.com,9000008285,2022-12-21,Engineering,Software Engineer,USD,ACTIVE,E000829,true,48285,8000008285
E008286,Emp08286,User08286,employee08286@example.com,9000008286,2022-12-22,Finance,Analyst,USD,ACTIVE,E000829,true,48286,8000008286
E008287,Emp08287,User08287,employee08287@example.com,9000008287,2022-12-23,HR,Manager,USD,ACTIVE,E000829,true,48287,8000008287
E008288,Emp08288,User08288,employee08288@example.com,9000008288,2022-12-24,Marketing,Developer,USD,ACTIVE,E000829,true,48288,8000008288
E008289,Emp08289,User08289,employee08289@example.com,9000008289,2022-12-25,Operations,Specialist,USD,ACTIVE,E000829,true,48289,8000008289
E008290,Emp08290,User08290,employee08290@example.com,9000008290,2022-12-26,Engineering,Software Engineer,USD,ACTIVE,E000829,true,48290,8000008290
E008291,Emp08291,User08291,employee08291@example.com,9000008291,2022-12-27,Finance,Analyst,USD,ACTIVE,E000830,true,48291,8000008291
E008292,Emp08292,User08292,employee08292@example.com,9000008292,2022-12-28,HR,Manager,USD,ACTIVE,E000830,true,48292,8000008292
E008293,Emp08293,User08293,employee08293@example.com,9000008293,2022-12-29,Marketing,Developer,USD,ACTIVE,E000830,true,48293,8000008293
E008294,Emp08294,User08294,employee08294@example.com,9000008294,2022-12-30,Operations,Specialist,USD,ACTIVE,E000830,true,48294,8000008294
E008295,Emp08295,User08295,employee08295@example.com,9000008295,2022-12-31,Engineering,Software Engineer,USD,ACTIVE,E000830,true,48295,8000008295
E008296,Emp08296,User08296,employee08296@example.com,9000008296,2023-01-01,Finance,Analyst,USD,ACTIVE,E000830,true,48296,8000008296
E008297,Emp08297,User08297,employee08297@example.com,9000008297,2023-01-02,HR,Manager,USD,ACTIVE,E000830,true,48297,8000008297
E008298,Emp08298,User08298,employee08298@example.com,9000008298,2023-01-03,Marketing,Developer,USD,ACTIVE,E000830,true,48298,8000008298
E008299,Emp08299,User08299,employee08299@example.com,9000008299,2023-01-04,Operations,Specialist,USD,ACTIVE,E000830,true,48299,8000008299
E008300,Emp08300,User08300,employee08300@example.com,9000008300,2023-01-05,Engineering,Software Engineer,USD,ACTIVE,E000830,true,48300,8000008300
E008301,Emp08301,User08301,employee08301@example.com,9000008301,2023-01-06,Finance,Analyst,USD,ACTIVE,E000831,true,48301,8000008301
E008302,Emp08302,User08302,employee08302@example.com,9000008302,2023-01-07,HR,Manager,USD,ACTIVE,E000831,true,48302,8000008302
E008303,Emp08303,User08303,employee08303@example.com,9000008303,2023-01-08,Marketing,Developer,USD,ACTIVE,E000831,true,48303,8000008303
E008304,Emp08304,User08304,employee08304@example.com,9000008304,2023-01-09,Operations,Specialist,USD,ACTIVE,E000831,true,48304,8000008304
E008305,Emp08305,User08305,employee08305@example.com,9000008305,2023-01-10,Engineering,Software Engineer,USD,ACTIVE,E000831,true,48305,8000008305
E008306,Emp08306,User08306,employee08306@example.com,9000008306,2023-01-11,Finance,Analyst,USD,ACTIVE,E000831,true,48306,8000008306
E008307,Emp08307,User08307,employee08307@example.com,9000008307,2023-01-12,HR,Manager,USD,ACTIVE,E000831,true,48307,8000008307
E008308,Emp08308,User08308,employee08308@example.com,9000008308,2023-01-13,Marketing,Developer,USD,ACTIVE,E000831,true,48308,8000008308
E008309,Emp08309,User08309,employee08309@example.com,9000008309,2023-01-14,Operations,Specialist,USD,ACTIVE,E000831,true,48309,8000008309
E008310,Emp08310,User08310,employee08310@example.com,9000008310,2023-01-15,Engineering,Software Engineer,USD,ACTIVE,E000831,true,48310,8000008310
E008311,Emp08311,User08311,employee08311@example.com,9000008311,2023-01-16,Finance,Analyst,USD,ACTIVE,E000832,true,48311,8000008311
E008312,Emp08312,User08312,employee08312@example.com,9000008312,2023-01-17,HR,Manager,USD,ACTIVE,E000832,true,48312,8000008312
E008313,Emp08313,User08313,employee08313@example.com,9000008313,2023-01-18,Marketing,Developer,USD,ACTIVE,E000832,true,48313,8000008313
E008314,Emp08314,User08314,employee08314@example.com,9000008314,2023-01-19,Operations,Specialist,USD,ACTIVE,E000832,true,48314,8000008314
E008315,Emp08315,User08315,employee08315@example.com,9000008315,2023-01-20,Engineering,Software Engineer,USD,ACTIVE,E000832,true,48315,8000008315
E008316,Emp08316,User08316,employee08316@example.com,9000008316,2023-01-21,Finance,Analyst,USD,ACTIVE,E000832,true,48316,8000008316
E008317,Emp08317,User08317,employee08317@example.com,9000008317,2023-01-22,HR,Manager,USD,ACTIVE,E000832,true,48317,8000008317
E008318,Emp08318,User08318,employee08318@example.com,9000008318,2023-01-23,Marketing,Developer,USD,ACTIVE,E000832,true,48318,8000008318
E008319,Emp08319,User08319,employee08319@example.com,9000008319,2023-01-24,Operations,Specialist,USD,ACTIVE,E000832,true,48319,8000008319
E008320,Emp08320,User08320,employee08320@example.com,9000008320,2023-01-25,Engineering,Software Engineer,USD,ACTIVE,E000832,true,48320,8000008320
E008321,Emp08321,User08321,employee08321@example.com,9000008321,2023-01-26,Finance,Analyst,USD,ACTIVE,E000833,true,48321,8000008321
E008322,Emp08322,User08322,employee08322@example.com,9000008322,2023-01-27,HR,Manager,USD,ACTIVE,E000833,true,48322,8000008322
E008323,Emp08323,User08323,employee08323@example.com,9000008323,2023-01-28,Marketing,Developer,USD,ACTIVE,E000833,true,48323,8000008323
E008324,Emp08324,User08324,employee08324@example.com,9000008324,2023-01-29,Operations,Specialist,USD,ACTIVE,E000833,true,48324,8000008324
E008325,Emp08325,User08325,employee08325@example.com,9000008325,2023-01-30,Engineering,Software Engineer,USD,ACTIVE,E000833,true,48325,8000008325
E008326,Emp08326,User08326,employee08326@example.com,9000008326,2023-01-31,Finance,Analyst,USD,ACTIVE,E000833,true,48326,8000008326
E008327,Emp08327,User08327,employee08327@example.com,9000008327,2023-02-01,HR,Manager,USD,ACTIVE,E000833,true,48327,8000008327
E008328,Emp08328,User08328,employee08328@example.com,9000008328,2023-02-02,Marketing,Developer,USD,ACTIVE,E000833,true,48328,8000008328
E008329,Emp08329,User08329,employee08329@example.com,9000008329,2023-02-03,Operations,Specialist,USD,ACTIVE,E000833,true,48329,8000008329
E008330,Emp08330,User08330,employee08330@example.com,9000008330,2023-02-04,Engineering,Software Engineer,USD,ACTIVE,E000833,true,48330,8000008330
E008331,Emp08331,User08331,employee08331@example.com,9000008331,2023-02-05,Finance,Analyst,USD,ACTIVE,E000834,true,48331,8000008331
E008332,Emp08332,User08332,employee08332@example.com,9000008332,2023-02-06,HR,Manager,USD,ACTIVE,E000834,true,48332,8000008332
E008333,Emp08333,User08333,employee08333@example.com,9000008333,2023-02-07,Marketing,Developer,USD,ACTIVE,E000834,true,48333,8000008333
E008334,Emp08334,User08334,employee08334@example.com,9000008334,2023-02-08,Operations,Specialist,USD,ACTIVE,E000834,true,48334,8000008334
E008335,Emp08335,User08335,employee08335@example.com,9000008335,2023-02-09,Engineering,Software Engineer,USD,ACTIVE,E000834,true,48335,8000008335
E008336,Emp08336,User08336,employee08336@example.com,9000008336,2023-02-10,Finance,Analyst,USD,ACTIVE,E000834,true,48336,8000008336
E008337,Emp08337,User08337,employee08337@example.com,9000008337,2023-02-11,HR,Manager,USD,ACTIVE,E000834,true,48337,8000008337
E008338,Emp08338,User08338,employee08338@example.com,9000008338,2023-02-12,Marketing,Developer,USD,ACTIVE,E000834,true,48338,8000008338
E008339,Emp08339,User08339,employee08339@example.com,9000008339,2023-02-13,Operations,Specialist,USD,ACTIVE,E000834,true,48339,8000008339
E008340,Emp08340,User08340,employee08340@example.com,9000008340,2023-02-14,Engineering,Software Engineer,USD,ACTIVE,E000834,true,48340,8000008340
E008341,Emp08341,User08341,employee08341@example.com,9000008341,2023-02-15,Finance,Analyst,USD,ACTIVE,E000835,true,48341,8000008341
E008342,Emp08342,User08342,employee08342@example.com,9000008342,2023-02-16,HR,Manager,USD,ACTIVE,E000835,true,48342,8000008342
E008343,Emp08343,User08343,employee08343@example.com,9000008343,2023-02-17,Marketing,Developer,USD,ACTIVE,E000835,true,48343,8000008343
E008344,Emp08344,User08344,employee08344@example.com,9000008344,2023-02-18,Operations,Specialist,USD,ACTIVE,E000835,true,48344,8000008344
E008345,Emp08345,User08345,employee08345@example.com,9000008345,2023-02-19,Engineering,Software Engineer,USD,ACTIVE,E000835,true,48345,8000008345
E008346,Emp08346,User08346,employee08346@example.com,9000008346,2023-02-20,Finance,Analyst,USD,ACTIVE,E000835,true,48346,8000008346
E008347,Emp08347,User08347,employee08347@example.com,9000008347,2023-02-21,HR,Manager,USD,ACTIVE,E000835,true,48347,8000008347
E008348,Emp08348,User08348,employee08348@example.com,9000008348,2023-02-22,Marketing,Developer,USD,ACTIVE,E000835,true,48348,8000008348
E008349,Emp08349,User08349,employee08349@example.com,9000008349,2023-02-23,Operations,Specialist,USD,ACTIVE,E000835,true,48349,8000008349
E008350,Emp08350,User08350,employee08350@example.com,9000008350,2023-02-24,Engineering,Software Engineer,USD,ACTIVE,E000835,true,48350,8000008350
E008351,Emp08351,User08351,employee08351@example.com,9000008351,2023-02-25,Finance,Analyst,USD,ACTIVE,E000836,true,48351,8000008351
E008352,Emp08352,User08352,employee08352@example.com,9000008352,2023-02-26,HR,Manager,USD,ACTIVE,E000836,true,48352,8000008352
E008353,Emp08353,User08353,employee08353@example.com,9000008353,2023-02-27,Marketing,Developer,USD,ACTIVE,E000836,true,48353,8000008353
E008354,Emp08354,User08354,employee08354@example.com,9000008354,2023-02-28,Operations,Specialist,USD,ACTIVE,E000836,true,48354,8000008354
E008355,Emp08355,User08355,employee08355@example.com,9000008355,2023-03-01,Engineering,Software Engineer,USD,ACTIVE,E000836,true,48355,8000008355
E008356,Emp08356,User08356,employee08356@example.com,9000008356,2023-03-02,Finance,Analyst,USD,ACTIVE,E000836,true,48356,8000008356
E008357,Emp08357,User08357,employee08357@example.com,9000008357,2023-03-03,HR,Manager,USD,ACTIVE,E000836,true,48357,8000008357
E008358,Emp08358,User08358,employee08358@example.com,9000008358,2023-03-04,Marketing,Developer,USD,ACTIVE,E000836,true,48358,8000008358
E008359,Emp08359,User08359,employee08359@example.com,9000008359,2023-03-05,Operations,Specialist,USD,ACTIVE,E000836,true,48359,8000008359
E008360,Emp08360,User08360,employee08360@example.com,9000008360,2023-03-06,Engineering,Software Engineer,USD,ACTIVE,E000836,true,48360,8000008360
E008361,Emp08361,User08361,employee08361@example.com,9000008361,2023-03-07,Finance,Analyst,USD,ACTIVE,E000837,true,48361,8000008361
E008362,Emp08362,User08362,employee08362@example.com,9000008362,2023-03-08,HR,Manager,USD,ACTIVE,E000837,true,48362,8000008362
E008363,Emp08363,User08363,employee08363@example.com,9000008363,2023-03-09,Marketing,Developer,USD,ACTIVE,E000837,true,48363,8000008363
E008364,Emp08364,User08364,employee08364@example.com,9000008364,2023-03-10,Operations,Specialist,USD,ACTIVE,E000837,true,48364,8000008364
E008365,Emp08365,User08365,employee08365@example.com,9000008365,2023-03-11,Engineering,Software Engineer,USD,ACTIVE,E000837,true,48365,8000008365
E008366,Emp08366,User08366,employee08366@example.com,9000008366,2023-03-12,Finance,Analyst,USD,ACTIVE,E000837,true,48366,8000008366
E008367,Emp08367,User08367,employee08367@example.com,9000008367,2023-03-13,HR,Manager,USD,ACTIVE,E000837,true,48367,8000008367
E008368,Emp08368,User08368,employee08368@example.com,9000008368,2023-03-14,Marketing,Developer,USD,ACTIVE,E000837,true,48368,8000008368
E008369,Emp08369,User08369,employee08369@example.com,9000008369,2023-03-15,Operations,Specialist,USD,ACTIVE,E000837,true,48369,8000008369
E008370,Emp08370,User08370,employee08370@example.com,9000008370,2023-03-16,Engineering,Software Engineer,USD,ACTIVE,E000837,true,48370,8000008370
E008371,Emp08371,User08371,employee08371@example.com,9000008371,2023-03-17,Finance,Analyst,USD,ACTIVE,E000838,true,48371,8000008371
E008372,Emp08372,User08372,employee08372@example.com,9000008372,2023-03-18,HR,Manager,USD,ACTIVE,E000838,true,48372,8000008372
E008373,Emp08373,User08373,employee08373@example.com,9000008373,2023-03-19,Marketing,Developer,USD,ACTIVE,E000838,true,48373,8000008373
E008374,Emp08374,User08374,employee08374@example.com,9000008374,2023-03-20,Operations,Specialist,USD,ACTIVE,E000838,true,48374,8000008374
E008375,Emp08375,User08375,employee08375@example.com,9000008375,2023-03-21,Engineering,Software Engineer,USD,ACTIVE,E000838,true,48375,8000008375
E008376,Emp08376,User08376,employee08376@example.com,9000008376,2023-03-22,Finance,Analyst,USD,ACTIVE,E000838,true,48376,8000008376
E008377,Emp08377,User08377,employee08377@example.com,9000008377,2023-03-23,HR,Manager,USD,ACTIVE,E000838,true,48377,8000008377
E008378,Emp08378,User08378,employee08378@example.com,9000008378,2023-03-24,Marketing,Developer,USD,ACTIVE,E000838,true,48378,8000008378
E008379,Emp08379,User08379,employee08379@example.com,9000008379,2023-03-25,Operations,Specialist,USD,ACTIVE,E000838,true,48379,8000008379
E008380,Emp08380,User08380,employee08380@example.com,9000008380,2023-03-26,Engineering,Software Engineer,USD,ACTIVE,E000838,true,48380,8000008380
E008381,Emp08381,User08381,employee08381@example.com,9000008381,2023-03-27,Finance,Analyst,USD,ACTIVE,E000839,true,48381,8000008381
E008382,Emp08382,User08382,employee08382@example.com,9000008382,2023-03-28,HR,Manager,USD,ACTIVE,E000839,true,48382,8000008382
E008383,Emp08383,User08383,employee08383@example.com,9000008383,2023-03-29,Marketing,Developer,USD,ACTIVE,E000839,true,48383,8000008383
E008384,Emp08384,User08384,employee08384@example.com,9000008384,2023-03-30,Operations,Specialist,USD,ACTIVE,E000839,true,48384,8000008384
E008385,Emp08385,User08385,employee08385@example.com,9000008385,2023-03-31,Engineering,Software Engineer,USD,ACTIVE,E000839,true,48385,8000008385
E008386,Emp08386,User08386,employee08386@example.com,9000008386,2023-04-01,Finance,Analyst,USD,ACTIVE,E000839,true,48386,8000008386
E008387,Emp08387,User08387,employee08387@example.com,9000008387,2023-04-02,HR,Manager,USD,ACTIVE,E000839,true,48387,8000008387
E008388,Emp08388,User08388,employee08388@example.com,9000008388,2023-04-03,Marketing,Developer,USD,ACTIVE,E000839,true,48388,8000008388
E008389,Emp08389,User08389,employee08389@example.com,9000008389,2023-04-04,Operations,Specialist,USD,ACTIVE,E000839,true,48389,8000008389
E008390,Emp08390,User08390,employee08390@example.com,9000008390,2023-04-05,Engineering,Software Engineer,USD,ACTIVE,E000839,true,48390,8000008390
E008391,Emp08391,User08391,employee08391@example.com,9000008391,2023-04-06,Finance,Analyst,USD,ACTIVE,E000840,true,48391,8000008391
E008392,Emp08392,User08392,employee08392@example.com,9000008392,2023-04-07,HR,Manager,USD,ACTIVE,E000840,true,48392,8000008392
E008393,Emp08393,User08393,employee08393@example.com,9000008393,2023-04-08,Marketing,Developer,USD,ACTIVE,E000840,true,48393,8000008393
E008394,Emp08394,User08394,employee08394@example.com,9000008394,2023-04-09,Operations,Specialist,USD,ACTIVE,E000840,true,48394,8000008394
E008395,Emp08395,User08395,employee08395@example.com,9000008395,2023-04-10,Engineering,Software Engineer,USD,ACTIVE,E000840,true,48395,8000008395
E008396,Emp08396,User08396,employee08396@example.com,9000008396,2023-04-11,Finance,Analyst,USD,ACTIVE,E000840,true,48396,8000008396
E008397,Emp08397,User08397,employee08397@example.com,9000008397,2023-04-12,HR,Manager,USD,ACTIVE,E000840,true,48397,8000008397
E008398,Emp08398,User08398,employee08398@example.com,9000008398,2023-04-13,Marketing,Developer,USD,ACTIVE,E000840,true,48398,8000008398
E008399,Emp08399,User08399,employee08399@example.com,9000008399,2023-04-14,Operations,Specialist,USD,ACTIVE,E000840,true,48399,8000008399
E008400,Emp08400,User08400,employee08400@example.com,9000008400,2023-04-15,Engineering,Software Engineer,USD,ACTIVE,E000840,true,48400,8000008400
E008401,Emp08401,User08401,employee08401@example.com,9000008401,2023-04-16,Finance,Analyst,USD,ACTIVE,E000841,true,48401,8000008401
E008402,Emp08402,User08402,employee08402@example.com,9000008402,2023-04-17,HR,Manager,USD,ACTIVE,E000841,true,48402,8000008402
E008403,Emp08403,User08403,employee08403@example.com,9000008403,2023-04-18,Marketing,Developer,USD,ACTIVE,E000841,true,48403,8000008403
E008404,Emp08404,User08404,employee08404@example.com,9000008404,2023-04-19,Operations,Specialist,USD,ACTIVE,E000841,true,48404,8000008404
E008405,Emp08405,User08405,employee08405@example.com,9000008405,2023-04-20,Engineering,Software Engineer,USD,ACTIVE,E000841,true,48405,8000008405
E008406,Emp08406,User08406,employee08406@example.com,9000008406,2023-04-21,Finance,Analyst,USD,ACTIVE,E000841,true,48406,8000008406
E008407,Emp08407,User08407,employee08407@example.com,9000008407,2023-04-22,HR,Manager,USD,ACTIVE,E000841,true,48407,8000008407
E008408,Emp08408,User08408,employee08408@example.com,9000008408,2023-04-23,Marketing,Developer,USD,ACTIVE,E000841,true,48408,8000008408
E008409,Emp08409,User08409,employee08409@example.com,9000008409,2023-04-24,Operations,Specialist,USD,ACTIVE,E000841,true,48409,8000008409
E008410,Emp08410,User08410,employee08410@example.com,9000008410,2023-04-25,Engineering,Software Engineer,USD,ACTIVE,E000841,true,48410,8000008410
E008411,Emp08411,User08411,employee08411@example.com,9000008411,2023-04-26,Finance,Analyst,USD,ACTIVE,E000842,true,48411,8000008411
E008412,Emp08412,User08412,employee08412@example.com,9000008412,2023-04-27,HR,Manager,USD,ACTIVE,E000842,true,48412,8000008412
E008413,Emp08413,User08413,employee08413@example.com,9000008413,2023-04-28,Marketing,Developer,USD,ACTIVE,E000842,true,48413,8000008413
E008414,Emp08414,User08414,employee08414@example.com,9000008414,2023-04-29,Operations,Specialist,USD,ACTIVE,E000842,true,48414,8000008414
E008415,Emp08415,User08415,employee08415@example.com,9000008415,2023-04-30,Engineering,Software Engineer,USD,ACTIVE,E000842,true,48415,8000008415
E008416,Emp08416,User08416,employee08416@example.com,9000008416,2023-05-01,Finance,Analyst,USD,ACTIVE,E000842,true,48416,8000008416
E008417,Emp08417,User08417,employee08417@example.com,9000008417,2023-05-02,HR,Manager,USD,ACTIVE,E000842,true,48417,8000008417
E008418,Emp08418,User08418,employee08418@example.com,9000008418,2023-05-03,Marketing,Developer,USD,ACTIVE,E000842,true,48418,8000008418
E008419,Emp08419,User08419,employee08419@example.com,9000008419,2023-05-04,Operations,Specialist,USD,ACTIVE,E000842,true,48419,8000008419
E008420,Emp08420,User08420,employee08420@example.com,9000008420,2023-05-05,Engineering,Software Engineer,USD,ACTIVE,E000842,true,48420,8000008420
E008421,Emp08421,User08421,employee08421@example.com,9000008421,2023-05-06,Finance,Analyst,USD,ACTIVE,E000843,true,48421,8000008421
E008422,Emp08422,User08422,employee08422@example.com,9000008422,2023-05-07,HR,Manager,USD,ACTIVE,E000843,true,48422,8000008422
E008423,Emp08423,User08423,employee08423@example.com,9000008423,2023-05-08,Marketing,Developer,USD,ACTIVE,E000843,true,48423,8000008423
E008424,Emp08424,User08424,employee08424@example.com,9000008424,2023-05-09,Operations,Specialist,USD,ACTIVE,E000843,true,48424,8000008424
E008425,Emp08425,User08425,employee08425@example.com,9000008425,2023-05-10,Engineering,Software Engineer,USD,ACTIVE,E000843,true,48425,8000008425
E008426,Emp08426,User08426,employee08426@example.com,9000008426,2023-05-11,Finance,Analyst,USD,ACTIVE,E000843,true,48426,8000008426
E008427,Emp08427,User08427,employee08427@example.com,9000008427,2023-05-12,HR,Manager,USD,ACTIVE,E000843,true,48427,8000008427
E008428,Emp08428,User08428,employee08428@example.com,9000008428,2023-05-13,Marketing,Developer,USD,ACTIVE,E000843,true,48428,8000008428
E008429,Emp08429,User08429,employee08429@example.com,9000008429,2023-05-14,Operations,Specialist,USD,ACTIVE,E000843,true,48429,8000008429
E008430,Emp08430,User08430,employee08430@example.com,9000008430,2023-05-15,Engineering,Software Engineer,USD,ACTIVE,E000843,true,48430,8000008430
E008431,Emp08431,User08431,employee08431@example.com,9000008431,2023-05-16,Finance,Analyst,USD,ACTIVE,E000844,true,48431,8000008431
E008432,Emp08432,User08432,employee08432@example.com,9000008432,2023-05-17,HR,Manager,USD,ACTIVE,E000844,true,48432,8000008432
E008433,Emp08433,User08433,employee08433@example.com,9000008433,2023-05-18,Marketing,Developer,USD,ACTIVE,E000844,true,48433,8000008433
E008434,Emp08434,User08434,employee08434@example.com,9000008434,2023-05-19,Operations,Specialist,USD,ACTIVE,E000844,true,48434,8000008434
E008435,Emp08435,User08435,employee08435@example.com,9000008435,2023-05-20,Engineering,Software Engineer,USD,ACTIVE,E000844,true,48435,8000008435
E008436,Emp08436,User08436,employee08436@example.com,9000008436,2023-05-21,Finance,Analyst,USD,ACTIVE,E000844,true,48436,8000008436
E008437,Emp08437,User08437,employee08437@example.com,9000008437,2023-05-22,HR,Manager,USD,ACTIVE,E000844,true,48437,8000008437
E008438,Emp08438,User08438,employee08438@example.com,9000008438,2023-05-23,Marketing,Developer,USD,ACTIVE,E000844,true,48438,8000008438
E008439,Emp08439,User08439,employee08439@example.com,9000008439,2023-05-24,Operations,Specialist,USD,ACTIVE,E000844,true,48439,8000008439
E008440,Emp08440,User08440,employee08440@example.com,9000008440,2023-05-25,Engineering,Software Engineer,USD,ACTIVE,E000844,true,48440,8000008440
E008441,Emp08441,User08441,employee08441@example.com,9000008441,2023-05-26,Finance,Analyst,USD,ACTIVE,E000845,true,48441,8000008441
E008442,Emp08442,User08442,employee08442@example.com,9000008442,2023-05-27,HR,Manager,USD,ACTIVE,E000845,true,48442,8000008442
E008443,Emp08443,User08443,employee08443@example.com,9000008443,2023-05-28,Marketing,Developer,USD,ACTIVE,E000845,true,48443,8000008443
E008444,Emp08444,User08444,employee08444@example.com,9000008444,2023-05-29,Operations,Specialist,USD,ACTIVE,E000845,true,48444,8000008444
E008445,Emp08445,User08445,employee08445@example.com,9000008445,2023-05-30,Engineering,Software Engineer,USD,ACTIVE,E000845,true,48445,8000008445
E008446,Emp08446,User08446,employee08446@example.com,9000008446,2023-05-31,Finance,Analyst,USD,ACTIVE,E000845,true,48446,8000008446
E008447,Emp08447,User08447,employee08447@example.com,9000008447,2023-06-01,HR,Manager,USD,ACTIVE,E000845,true,48447,8000008447
E008448,Emp08448,User08448,employee08448@example.com,9000008448,2023-06-02,Marketing,Developer,USD,ACTIVE,E000845,true,48448,8000008448
E008449,Emp08449,User08449,employee08449@example.com,9000008449,2023-06-03,Operations,Specialist,USD,ACTIVE,E000845,true,48449,8000008449
E008450,Emp08450,User08450,employee08450@example.com,9000008450,2023-06-04,Engineering,Software Engineer,USD,ACTIVE,E000845,true,48450,8000008450
E008451,Emp08451,User08451,employee08451@example.com,9000008451,2023-06-05,Finance,Analyst,USD,ACTIVE,E000846,true,48451,8000008451
E008452,Emp08452,User08452,employee08452@example.com,9000008452,2023-06-06,HR,Manager,USD,ACTIVE,E000846,true,48452,8000008452
E008453,Emp08453,User08453,employee08453@example.com,9000008453,2023-06-07,Marketing,Developer,USD,ACTIVE,E000846,true,48453,8000008453
E008454,Emp08454,User08454,employee08454@example.com,9000008454,2023-06-08,Operations,Specialist,USD,ACTIVE,E000846,true,48454,8000008454
E008455,Emp08455,User08455,employee08455@example.com,9000008455,2023-06-09,Engineering,Software Engineer,USD,ACTIVE,E000846,true,48455,8000008455
E008456,Emp08456,User08456,employee08456@example.com,9000008456,2023-06-10,Finance,Analyst,USD,ACTIVE,E000846,true,48456,8000008456
E008457,Emp08457,User08457,employee08457@example.com,9000008457,2023-06-11,HR,Manager,USD,ACTIVE,E000846,true,48457,8000008457
E008458,Emp08458,User08458,employee08458@example.com,9000008458,2023-06-12,Marketing,Developer,USD,ACTIVE,E000846,true,48458,8000008458
E008459,Emp08459,User08459,employee08459@example.com,9000008459,2023-06-13,Operations,Specialist,USD,ACTIVE,E000846,true,48459,8000008459
E008460,Emp08460,User08460,employee08460@example.com,9000008460,2023-06-14,Engineering,Software Engineer,USD,ACTIVE,E000846,true,48460,8000008460
E008461,Emp08461,User08461,employee08461@example.com,9000008461,2023-06-15,Finance,Analyst,USD,ACTIVE,E000847,true,48461,8000008461
E008462,Emp08462,User08462,employee08462@example.com,9000008462,2023-06-16,HR,Manager,USD,ACTIVE,E000847,true,48462,8000008462
E008463,Emp08463,User08463,employee08463@example.com,9000008463,2023-06-17,Marketing,Developer,USD,ACTIVE,E000847,true,48463,8000008463
E008464,Emp08464,User08464,employee08464@example.com,9000008464,2023-06-18,Operations,Specialist,USD,ACTIVE,E000847,true,48464,8000008464
E008465,Emp08465,User08465,employee08465@example.com,9000008465,2023-06-19,Engineering,Software Engineer,USD,ACTIVE,E000847,true,48465,8000008465
E008466,Emp08466,User08466,employee08466@example.com,9000008466,2023-06-20,Finance,Analyst,USD,ACTIVE,E000847,true,48466,8000008466
E008467,Emp08467,User08467,employee08467@example.com,9000008467,2023-06-21,HR,Manager,USD,ACTIVE,E000847,true,48467,8000008467
E008468,Emp08468,User08468,employee08468@example.com,9000008468,2023-06-22,Marketing,Developer,USD,ACTIVE,E000847,true,48468,8000008468
E008469,Emp08469,User08469,employee08469@example.com,9000008469,2023-06-23,Operations,Specialist,USD,ACTIVE,E000847,true,48469,8000008469
E008470,Emp08470,User08470,employee08470@example.com,9000008470,2023-06-24,Engineering,Software Engineer,USD,ACTIVE,E000847,true,48470,8000008470
E008471,Emp08471,User08471,employee08471@example.com,9000008471,2023-06-25,Finance,Analyst,USD,ACTIVE,E000848,true,48471,8000008471
E008472,Emp08472,User08472,employee08472@example.com,9000008472,2023-06-26,HR,Manager,USD,ACTIVE,E000848,true,48472,8000008472
E008473,Emp08473,User08473,employee08473@example.com,9000008473,2023-06-27,Marketing,Developer,USD,ACTIVE,E000848,true,48473,8000008473
E008474,Emp08474,User08474,employee08474@example.com,9000008474,2023-06-28,Operations,Specialist,USD,ACTIVE,E000848,true,48474,8000008474
E008475,Emp08475,User08475,employee08475@example.com,9000008475,2023-06-29,Engineering,Software Engineer,USD,ACTIVE,E000848,true,48475,8000008475
E008476,Emp08476,User08476,employee08476@example.com,9000008476,2023-06-30,Finance,Analyst,USD,ACTIVE,E000848,true,48476,8000008476
E008477,Emp08477,User08477,employee08477@example.com,9000008477,2023-07-01,HR,Manager,USD,ACTIVE,E000848,true,48477,8000008477
E008478,Emp08478,User08478,employee08478@example.com,9000008478,2023-07-02,Marketing,Developer,USD,ACTIVE,E000848,true,48478,8000008478
E008479,Emp08479,User08479,employee08479@example.com,9000008479,2023-07-03,Operations,Specialist,USD,ACTIVE,E000848,true,48479,8000008479
E008480,Emp08480,User08480,employee08480@example.com,9000008480,2023-07-04,Engineering,Software Engineer,USD,ACTIVE,E000848,true,48480,8000008480
E008481,Emp08481,User08481,employee08481@example.com,9000008481,2023-07-05,Finance,Analyst,USD,ACTIVE,E000849,true,48481,8000008481
E008482,Emp08482,User08482,employee08482@example.com,9000008482,2023-07-06,HR,Manager,USD,ACTIVE,E000849,true,48482,8000008482
E008483,Emp08483,User08483,employee08483@example.com,9000008483,2023-07-07,Marketing,Developer,USD,ACTIVE,E000849,true,48483,8000008483
E008484,Emp08484,User08484,employee08484@example.com,9000008484,2023-07-08,Operations,Specialist,USD,ACTIVE,E000849,true,48484,8000008484
E008485,Emp08485,User08485,employee08485@example.com,9000008485,2023-07-09,Engineering,Software Engineer,USD,ACTIVE,E000849,true,48485,8000008485
E008486,Emp08486,User08486,employee08486@example.com,9000008486,2023-07-10,Finance,Analyst,USD,ACTIVE,E000849,true,48486,8000008486
E008487,Emp08487,User08487,employee08487@example.com,9000008487,2023-07-11,HR,Manager,USD,ACTIVE,E000849,true,48487,8000008487
E008488,Emp08488,User08488,employee08488@example.com,9000008488,2023-07-12,Marketing,Developer,USD,ACTIVE,E000849,true,48488,8000008488
E008489,Emp08489,User08489,employee08489@example.com,9000008489,2023-07-13,Operations,Specialist,USD,ACTIVE,E000849,true,48489,8000008489
E008490,Emp08490,User08490,employee08490@example.com,9000008490,2023-07-14,Engineering,Software Engineer,USD,ACTIVE,E000849,true,48490,8000008490
E008491,Emp08491,User08491,employee08491@example.com,9000008491,2023-07-15,Finance,Analyst,USD,ACTIVE,E000850,true,48491,8000008491
E008492,Emp08492,User08492,employee08492@example.com,9000008492,2023-07-16,HR,Manager,USD,ACTIVE,E000850,true,48492,8000008492
E008493,Emp08493,User08493,employee08493@example.com,9000008493,2023-07-17,Marketing,Developer,USD,ACTIVE,E000850,true,48493,8000008493
E008494,Emp08494,User08494,employee08494@example.com,9000008494,2023-07-18,Operations,Specialist,USD,ACTIVE,E000850,true,48494,8000008494
E008495,Emp08495,User08495,employee08495@example.com,9000008495,2023-07-19,Engineering,Software Engineer,USD,ACTIVE,E000850,true,48495,8000008495
E008496,Emp08496,User08496,employee08496@example.com,9000008496,2023-07-20,Finance,Analyst,USD,ACTIVE,E000850,true,48496,8000008496
E008497,Emp08497,User08497,employee08497@example.com,9000008497,2023-07-21,HR,Manager,USD,ACTIVE,E000850,true,48497,8000008497
E008498,Emp08498,User08498,employee08498@example.com,9000008498,2023-07-22,Marketing,Developer,USD,ACTIVE,E000850,true,48498,8000008498
E008499,Emp08499,User08499,employee08499@example.com,9000008499,2023-07-23,Operations,Specialist,USD,ACTIVE,E000850,true,48499,8000008499
E008500,Emp08500,User08500,employee08500@example.com,9000008500,2023-07-24,Engineering,Software Engineer,USD,ACTIVE,E000850,true,48500,8000008500
E008501,Emp08501,User08501,employee08501@example.com,9000008501,2023-07-25,Finance,Analyst,USD,ACTIVE,E000851,true,48501,8000008501
E008502,Emp08502,User08502,employee08502@example.com,9000008502,2023-07-26,HR,Manager,USD,ACTIVE,E000851,true,48502,8000008502
E008503,Emp08503,User08503,employee08503@example.com,9000008503,2023-07-27,Marketing,Developer,USD,ACTIVE,E000851,true,48503,8000008503
E008504,Emp08504,User08504,employee08504@example.com,9000008504,2023-07-28,Operations,Specialist,USD,ACTIVE,E000851,true,48504,8000008504
E008505,Emp08505,User08505,employee08505@example.com,9000008505,2023-07-29,Engineering,Software Engineer,USD,ACTIVE,E000851,true,48505,8000008505
E008506,Emp08506,User08506,employee08506@example.com,9000008506,2023-07-30,Finance,Analyst,USD,ACTIVE,E000851,true,48506,8000008506
E008507,Emp08507,User08507,employee08507@example.com,9000008507,2023-07-31,HR,Manager,USD,ACTIVE,E000851,true,48507,8000008507
E008508,Emp08508,User08508,employee08508@example.com,9000008508,2023-08-01,Marketing,Developer,USD,ACTIVE,E000851,true,48508,8000008508
E008509,Emp08509,User08509,employee08509@example.com,9000008509,2023-08-02,Operations,Specialist,USD,ACTIVE,E000851,true,48509,8000008509
E008510,Emp08510,User08510,employee08510@example.com,9000008510,2023-08-03,Engineering,Software Engineer,USD,ACTIVE,E000851,true,48510,8000008510
E008511,Emp08511,User08511,employee08511@example.com,9000008511,2023-08-04,Finance,Analyst,USD,ACTIVE,E000852,true,48511,8000008511
E008512,Emp08512,User08512,employee08512@example.com,9000008512,2023-08-05,HR,Manager,USD,ACTIVE,E000852,true,48512,8000008512
E008513,Emp08513,User08513,employee08513@example.com,9000008513,2023-08-06,Marketing,Developer,USD,ACTIVE,E000852,true,48513,8000008513
E008514,Emp08514,User08514,employee08514@example.com,9000008514,2023-08-07,Operations,Specialist,USD,ACTIVE,E000852,true,48514,8000008514
E008515,Emp08515,User08515,employee08515@example.com,9000008515,2023-08-08,Engineering,Software Engineer,USD,ACTIVE,E000852,true,48515,8000008515
E008516,Emp08516,User08516,employee08516@example.com,9000008516,2023-08-09,Finance,Analyst,USD,ACTIVE,E000852,true,48516,8000008516
E008517,Emp08517,User08517,employee08517@example.com,9000008517,2023-08-10,HR,Manager,USD,ACTIVE,E000852,true,48517,8000008517
E008518,Emp08518,User08518,employee08518@example.com,9000008518,2023-08-11,Marketing,Developer,USD,ACTIVE,E000852,true,48518,8000008518
E008519,Emp08519,User08519,employee08519@example.com,9000008519,2023-08-12,Operations,Specialist,USD,ACTIVE,E000852,true,48519,8000008519
E008520,Emp08520,User08520,employee08520@example.com,9000008520,2023-08-13,Engineering,Software Engineer,USD,ACTIVE,E000852,true,48520,8000008520
E008521,Emp08521,User08521,employee08521@example.com,9000008521,2023-08-14,Finance,Analyst,USD,ACTIVE,E000853,true,48521,8000008521
E008522,Emp08522,User08522,employee08522@example.com,9000008522,2023-08-15,HR,Manager,USD,ACTIVE,E000853,true,48522,8000008522
E008523,Emp08523,User08523,employee08523@example.com,9000008523,2023-08-16,Marketing,Developer,USD,ACTIVE,E000853,true,48523,8000008523
E008524,Emp08524,User08524,employee08524@example.com,9000008524,2023-08-17,Operations,Specialist,USD,ACTIVE,E000853,true,48524,8000008524
E008525,Emp08525,User08525,employee08525@example.com,9000008525,2023-08-18,Engineering,Software Engineer,USD,ACTIVE,E000853,true,48525,8000008525
E008526,Emp08526,User08526,employee08526@example.com,9000008526,2023-08-19,Finance,Analyst,USD,ACTIVE,E000853,true,48526,8000008526
E008527,Emp08527,User08527,employee08527@example.com,9000008527,2023-08-20,HR,Manager,USD,ACTIVE,E000853,true,48527,8000008527
E008528,Emp08528,User08528,employee08528@example.com,9000008528,2023-08-21,Marketing,Developer,USD,ACTIVE,E000853,true,48528,8000008528
E008529,Emp08529,User08529,employee08529@example.com,9000008529,2023-08-22,Operations,Specialist,USD,ACTIVE,E000853,true,48529,8000008529
E008530,Emp08530,User08530,employee08530@example.com,9000008530,2023-08-23,Engineering,Software Engineer,USD,ACTIVE,E000853,true,48530,8000008530
E008531,Emp08531,User08531,employee08531@example.com,9000008531,2023-08-24,Finance,Analyst,USD,ACTIVE,E000854,true,48531,8000008531
E008532,Emp08532,User08532,employee08532@example.com,9000008532,2023-08-25,HR,Manager,USD,ACTIVE,E000854,true,48532,8000008532
E008533,Emp08533,User08533,employee08533@example.com,9000008533,2023-08-26,Marketing,Developer,USD,ACTIVE,E000854,true,48533,8000008533
E008534,Emp08534,User08534,employee08534@example.com,9000008534,2023-08-27,Operations,Specialist,USD,ACTIVE,E000854,true,48534,8000008534
E008535,Emp08535,User08535,employee08535@example.com,9000008535,2023-08-28,Engineering,Software Engineer,USD,ACTIVE,E000854,true,48535,8000008535
E008536,Emp08536,User08536,employee08536@example.com,9000008536,2023-08-29,Finance,Analyst,USD,ACTIVE,E000854,true,48536,8000008536
E008537,Emp08537,User08537,employee08537@example.com,9000008537,2023-08-30,HR,Manager,USD,ACTIVE,E000854,true,48537,8000008537
E008538,Emp08538,User08538,employee08538@example.com,9000008538,2023-08-31,Marketing,Developer,USD,ACTIVE,E000854,true,48538,8000008538
E008539,Emp08539,User08539,employee08539@example.com,9000008539,2023-09-01,Operations,Specialist,USD,ACTIVE,E000854,true,48539,8000008539
E008540,Emp08540,User08540,employee08540@example.com,9000008540,2023-09-02,Engineering,Software Engineer,USD,ACTIVE,E000854,true,48540,8000008540
E008541,Emp08541,User08541,employee08541@example.com,9000008541,2023-09-03,Finance,Analyst,USD,ACTIVE,E000855,true,48541,8000008541
E008542,Emp08542,User08542,employee08542@example.com,9000008542,2023-09-04,HR,Manager,USD,ACTIVE,E000855,true,48542,8000008542
E008543,Emp08543,User08543,employee08543@example.com,9000008543,2023-09-05,Marketing,Developer,USD,ACTIVE,E000855,true,48543,8000008543
E008544,Emp08544,User08544,employee08544@example.com,9000008544,2023-09-06,Operations,Specialist,USD,ACTIVE,E000855,true,48544,8000008544
E008545,Emp08545,User08545,employee08545@example.com,9000008545,2023-09-07,Engineering,Software Engineer,USD,ACTIVE,E000855,true,48545,8000008545
E008546,Emp08546,User08546,employee08546@example.com,9000008546,2023-09-08,Finance,Analyst,USD,ACTIVE,E000855,true,48546,8000008546
E008547,Emp08547,User08547,employee08547@example.com,9000008547,2023-09-09,HR,Manager,USD,ACTIVE,E000855,true,48547,8000008547
E008548,Emp08548,User08548,employee08548@example.com,9000008548,2023-09-10,Marketing,Developer,USD,ACTIVE,E000855,true,48548,8000008548
E008549,Emp08549,User08549,employee08549@example.com,9000008549,2023-09-11,Operations,Specialist,USD,ACTIVE,E000855,true,48549,8000008549
E008550,Emp08550,User08550,employee08550@example.com,9000008550,2023-09-12,Engineering,Software Engineer,USD,ACTIVE,E000855,true,48550,8000008550
E008551,Emp08551,User08551,employee08551@example.com,9000008551,2023-09-13,Finance,Analyst,USD,ACTIVE,E000856,true,48551,8000008551
E008552,Emp08552,User08552,employee08552@example.com,9000008552,2023-09-14,HR,Manager,USD,ACTIVE,E000856,true,48552,8000008552
E008553,Emp08553,User08553,employee08553@example.com,9000008553,2023-09-15,Marketing,Developer,USD,ACTIVE,E000856,true,48553,8000008553
E008554,Emp08554,User08554,employee08554@example.com,9000008554,2023-09-16,Operations,Specialist,USD,ACTIVE,E000856,true,48554,8000008554
E008555,Emp08555,User08555,employee08555@example.com,9000008555,2023-09-17,Engineering,Software Engineer,USD,ACTIVE,E000856,true,48555,8000008555
E008556,Emp08556,User08556,employee08556@example.com,9000008556,2023-09-18,Finance,Analyst,USD,ACTIVE,E000856,true,48556,8000008556
E008557,Emp08557,User08557,employee08557@example.com,9000008557,2023-09-19,HR,Manager,USD,ACTIVE,E000856,true,48557,8000008557
E008558,Emp08558,User08558,employee08558@example.com,9000008558,2023-09-20,Marketing,Developer,USD,ACTIVE,E000856,true,48558,8000008558
E008559,Emp08559,User08559,employee08559@example.com,9000008559,2023-09-21,Operations,Specialist,USD,ACTIVE,E000856,true,48559,8000008559
E008560,Emp08560,User08560,employee08560@example.com,9000008560,2023-09-22,Engineering,Software Engineer,USD,ACTIVE,E000856,true,48560,8000008560
E008561,Emp08561,User08561,employee08561@example.com,9000008561,2023-09-23,Finance,Analyst,USD,ACTIVE,E000857,true,48561,8000008561
E008562,Emp08562,User08562,employee08562@example.com,9000008562,2023-09-24,HR,Manager,USD,ACTIVE,E000857,true,48562,8000008562
E008563,Emp08563,User08563,employee08563@example.com,9000008563,2023-09-25,Marketing,Developer,USD,ACTIVE,E000857,true,48563,8000008563
E008564,Emp08564,User08564,employee08564@example.com,9000008564,2023-09-26,Operations,Specialist,USD,ACTIVE,E000857,true,48564,8000008564
E008565,Emp08565,User08565,employee08565@example.com,9000008565,2023-09-27,Engineering,Software Engineer,USD,ACTIVE,E000857,true,48565,8000008565
E008566,Emp08566,User08566,employee08566@example.com,9000008566,2023-09-28,Finance,Analyst,USD,ACTIVE,E000857,true,48566,8000008566
E008567,Emp08567,User08567,employee08567@example.com,9000008567,2023-09-29,HR,Manager,USD,ACTIVE,E000857,true,48567,8000008567
E008568,Emp08568,User08568,employee08568@example.com,9000008568,2023-09-30,Marketing,Developer,USD,ACTIVE,E000857,true,48568,8000008568
E008569,Emp08569,User08569,employee08569@example.com,9000008569,2023-10-01,Operations,Specialist,USD,ACTIVE,E000857,true,48569,8000008569
E008570,Emp08570,User08570,employee08570@example.com,9000008570,2023-10-02,Engineering,Software Engineer,USD,ACTIVE,E000857,true,48570,8000008570
E008571,Emp08571,User08571,employee08571@example.com,9000008571,2023-10-03,Finance,Analyst,USD,ACTIVE,E000858,true,48571,8000008571
E008572,Emp08572,User08572,employee08572@example.com,9000008572,2023-10-04,HR,Manager,USD,ACTIVE,E000858,true,48572,8000008572
E008573,Emp08573,User08573,employee08573@example.com,9000008573,2023-10-05,Marketing,Developer,USD,ACTIVE,E000858,true,48573,8000008573
E008574,Emp08574,User08574,employee08574@example.com,9000008574,2023-10-06,Operations,Specialist,USD,ACTIVE,E000858,true,48574,8000008574
E008575,Emp08575,User08575,employee08575@example.com,9000008575,2023-10-07,Engineering,Software Engineer,USD,ACTIVE,E000858,true,48575,8000008575
E008576,Emp08576,User08576,employee08576@example.com,9000008576,2023-10-08,Finance,Analyst,USD,ACTIVE,E000858,true,48576,8000008576
E008577,Emp08577,User08577,employee08577@example.com,9000008577,2023-10-09,HR,Manager,USD,ACTIVE,E000858,true,48577,8000008577
E008578,Emp08578,User08578,employee08578@example.com,9000008578,2023-10-10,Marketing,Developer,USD,ACTIVE,E000858,true,48578,8000008578
E008579,Emp08579,User08579,employee08579@example.com,9000008579,2023-10-11,Operations,Specialist,USD,ACTIVE,E000858,true,48579,8000008579
E008580,Emp08580,User08580,employee08580@example.com,9000008580,2023-10-12,Engineering,Software Engineer,USD,ACTIVE,E000858,true,48580,8000008580
E008581,Emp08581,User08581,employee08581@example.com,9000008581,2023-10-13,Finance,Analyst,USD,ACTIVE,E000859,true,48581,8000008581
E008582,Emp08582,User08582,employee08582@example.com,9000008582,2023-10-14,HR,Manager,USD,ACTIVE,E000859,true,48582,8000008582
E008583,Emp08583,User08583,employee08583@example.com,9000008583,2023-10-15,Marketing,Developer,USD,ACTIVE,E000859,true,48583,8000008583
E008584,Emp08584,User08584,employee08584@example.com,9000008584,2023-10-16,Operations,Specialist,USD,ACTIVE,E000859,true,48584,8000008584
E008585,Emp08585,User08585,employee08585@example.com,9000008585,2023-10-17,Engineering,Software Engineer,USD,ACTIVE,E000859,true,48585,8000008585
E008586,Emp08586,User08586,employee08586@example.com,9000008586,2023-10-18,Finance,Analyst,USD,ACTIVE,E000859,true,48586,8000008586
E008587,Emp08587,User08587,employee08587@example.com,9000008587,2023-10-19,HR,Manager,USD,ACTIVE,E000859,true,48587,8000008587
E008588,Emp08588,User08588,employee08588@example.com,9000008588,2023-10-20,Marketing,Developer,USD,ACTIVE,E000859,true,48588,8000008588
E008589,Emp08589,User08589,employee08589@example.com,9000008589,2023-10-21,Operations,Specialist,USD,ACTIVE,E000859,true,48589,8000008589
E008590,Emp08590,User08590,employee08590@example.com,9000008590,2023-10-22,Engineering,Software Engineer,USD,ACTIVE,E000859,true,48590,8000008590
E008591,Emp08591,User08591,employee08591@example.com,9000008591,2023-10-23,Finance,Analyst,USD,ACTIVE,E000860,true,48591,8000008591
E008592,Emp08592,User08592,employee08592@example.com,9000008592,2023-10-24,HR,Manager,USD,ACTIVE,E000860,true,48592,8000008592
E008593,Emp08593,User08593,employee08593@example.com,9000008593,2023-10-25,Marketing,Developer,USD,ACTIVE,E000860,true,48593,8000008593
E008594,Emp08594,User08594,employee08594@example.com,9000008594,2023-10-26,Operations,Specialist,USD,ACTIVE,E000860,true,48594,8000008594
E008595,Emp08595,User08595,employee08595@example.com,9000008595,2023-10-27,Engineering,Software Engineer,USD,ACTIVE,E000860,true,48595,8000008595
E008596,Emp08596,User08596,employee08596@example.com,9000008596,2023-10-28,Finance,Analyst,USD,ACTIVE,E000860,true,48596,8000008596
E008597,Emp08597,User08597,employee08597@example.com,9000008597,2023-10-29,HR,Manager,USD,ACTIVE,E000860,true,48597,8000008597
E008598,Emp08598,User08598,employee08598@example.com,9000008598,2023-10-30,Marketing,Developer,USD,ACTIVE,E000860,true,48598,8000008598
E008599,Emp08599,User08599,employee08599@example.com,9000008599,2023-10-31,Operations,Specialist,USD,ACTIVE,E000860,true,48599,8000008599
E008600,Emp08600,User08600,employee08600@example.com,9000008600,2023-11-01,Engineering,Software Engineer,USD,ACTIVE,E000860,true,48600,8000008600
E008601,Emp08601,User08601,employee08601@example.com,9000008601,2023-11-02,Finance,Analyst,USD,ACTIVE,E000861,true,48601,8000008601
E008602,Emp08602,User08602,employee08602@example.com,9000008602,2023-11-03,HR,Manager,USD,ACTIVE,E000861,true,48602,8000008602
E008603,Emp08603,User08603,employee08603@example.com,9000008603,2023-11-04,Marketing,Developer,USD,ACTIVE,E000861,true,48603,8000008603
E008604,Emp08604,User08604,employee08604@example.com,9000008604,2023-11-05,Operations,Specialist,USD,ACTIVE,E000861,true,48604,8000008604
E008605,Emp08605,User08605,employee08605@example.com,9000008605,2023-11-06,Engineering,Software Engineer,USD,ACTIVE,E000861,true,48605,8000008605
E008606,Emp08606,User08606,employee08606@example.com,9000008606,2023-11-07,Finance,Analyst,USD,ACTIVE,E000861,true,48606,8000008606
E008607,Emp08607,User08607,employee08607@example.com,9000008607,2023-11-08,HR,Manager,USD,ACTIVE,E000861,true,48607,8000008607
E008608,Emp08608,User08608,employee08608@example.com,9000008608,2023-11-09,Marketing,Developer,USD,ACTIVE,E000861,true,48608,8000008608
E008609,Emp08609,User08609,employee08609@example.com,9000008609,2023-11-10,Operations,Specialist,USD,ACTIVE,E000861,true,48609,8000008609
E008610,Emp08610,User08610,employee08610@example.com,9000008610,2023-11-11,Engineering,Software Engineer,USD,ACTIVE,E000861,true,48610,8000008610
E008611,Emp08611,User08611,employee08611@example.com,9000008611,2023-11-12,Finance,Analyst,USD,ACTIVE,E000862,true,48611,8000008611
E008612,Emp08612,User08612,employee08612@example.com,9000008612,2023-11-13,HR,Manager,USD,ACTIVE,E000862,true,48612,8000008612
E008613,Emp08613,User08613,employee08613@example.com,9000008613,2023-11-14,Marketing,Developer,USD,ACTIVE,E000862,true,48613,8000008613
E008614,Emp08614,User08614,employee08614@example.com,9000008614,2023-11-15,Operations,Specialist,USD,ACTIVE,E000862,true,48614,8000008614
E008615,Emp08615,User08615,employee08615@example.com,9000008615,2023-11-16,Engineering,Software Engineer,USD,ACTIVE,E000862,true,48615,8000008615
E008616,Emp08616,User08616,employee08616@example.com,9000008616,2023-11-17,Finance,Analyst,USD,ACTIVE,E000862,true,48616,8000008616
E008617,Emp08617,User08617,employee08617@example.com,9000008617,2023-11-18,HR,Manager,USD,ACTIVE,E000862,true,48617,8000008617
E008618,Emp08618,User08618,employee08618@example.com,9000008618,2023-11-19,Marketing,Developer,USD,ACTIVE,E000862,true,48618,8000008618
E008619,Emp08619,User08619,employee08619@example.com,9000008619,2023-11-20,Operations,Specialist,USD,ACTIVE,E000862,true,48619,8000008619
E008620,Emp08620,User08620,employee08620@example.com,9000008620,2023-11-21,Engineering,Software Engineer,USD,ACTIVE,E000862,true,48620,8000008620
E008621,Emp08621,User08621,employee08621@example.com,9000008621,2023-11-22,Finance,Analyst,USD,ACTIVE,E000863,true,48621,8000008621
E008622,Emp08622,User08622,employee08622@example.com,9000008622,2023-11-23,HR,Manager,USD,ACTIVE,E000863,true,48622,8000008622
E008623,Emp08623,User08623,employee08623@example.com,9000008623,2023-11-24,Marketing,Developer,USD,ACTIVE,E000863,true,48623,8000008623
E008624,Emp08624,User08624,employee08624@example.com,9000008624,2023-11-25,Operations,Specialist,USD,ACTIVE,E000863,true,48624,8000008624
E008625,Emp08625,User08625,employee08625@example.com,9000008625,2023-11-26,Engineering,Software Engineer,USD,ACTIVE,E000863,true,48625,8000008625
E008626,Emp08626,User08626,employee08626@example.com,9000008626,2023-11-27,Finance,Analyst,USD,ACTIVE,E000863,true,48626,8000008626
E008627,Emp08627,User08627,employee08627@example.com,9000008627,2023-11-28,HR,Manager,USD,ACTIVE,E000863,true,48627,8000008627
E008628,Emp08628,User08628,employee08628@example.com,9000008628,2023-11-29,Marketing,Developer,USD,ACTIVE,E000863,true,48628,8000008628
E008629,Emp08629,User08629,employee08629@example.com,9000008629,2023-11-30,Operations,Specialist,USD,ACTIVE,E000863,true,48629,8000008629
E008630,Emp08630,User08630,employee08630@example.com,9000008630,2023-12-01,Engineering,Software Engineer,USD,ACTIVE,E000863,true,48630,8000008630
E008631,Emp08631,User08631,employee08631@example.com,9000008631,2023-12-02,Finance,Analyst,USD,ACTIVE,E000864,true,48631,8000008631
E008632,Emp08632,User08632,employee08632@example.com,9000008632,2023-12-03,HR,Manager,USD,ACTIVE,E000864,true,48632,8000008632
E008633,Emp08633,User08633,employee08633@example.com,9000008633,2023-12-04,Marketing,Developer,USD,ACTIVE,E000864,true,48633,8000008633
E008634,Emp08634,User08634,employee08634@example.com,9000008634,2023-12-05,Operations,Specialist,USD,ACTIVE,E000864,true,48634,8000008634
E008635,Emp08635,User08635,employee08635@example.com,9000008635,2023-12-06,Engineering,Software Engineer,USD,ACTIVE,E000864,true,48635,8000008635
E008636,Emp08636,User08636,employee08636@example.com,9000008636,2023-12-07,Finance,Analyst,USD,ACTIVE,E000864,true,48636,8000008636
E008637,Emp08637,User08637,employee08637@example.com,9000008637,2023-12-08,HR,Manager,USD,ACTIVE,E000864,true,48637,8000008637
E008638,Emp08638,User08638,employee08638@example.com,9000008638,2023-12-09,Marketing,Developer,USD,ACTIVE,E000864,true,48638,8000008638
E008639,Emp08639,User08639,employee08639@example.com,9000008639,2023-12-10,Operations,Specialist,USD,ACTIVE,E000864,true,48639,8000008639
E008640,Emp08640,User08640,employee08640@example.com,9000008640,2023-12-11,Engineering,Software Engineer,USD,ACTIVE,E000864,true,48640,8000008640
E008641,Emp08641,User08641,employee08641@example.com,9000008641,2023-12-12,Finance,Analyst,USD,ACTIVE,E000865,true,48641,8000008641
E008642,Emp08642,User08642,employee08642@example.com,9000008642,2023-12-13,HR,Manager,USD,ACTIVE,E000865,true,48642,8000008642
E008643,Emp08643,User08643,employee08643@example.com,9000008643,2023-12-14,Marketing,Developer,USD,ACTIVE,E000865,true,48643,8000008643
E008644,Emp08644,User08644,employee08644@example.com,9000008644,2023-12-15,Operations,Specialist,USD,ACTIVE,E000865,true,48644,8000008644
E008645,Emp08645,User08645,employee08645@example.com,9000008645,2023-12-16,Engineering,Software Engineer,USD,ACTIVE,E000865,true,48645,8000008645
E008646,Emp08646,User08646,employee08646@example.com,9000008646,2023-12-17,Finance,Analyst,USD,ACTIVE,E000865,true,48646,8000008646
E008647,Emp08647,User08647,employee08647@example.com,9000008647,2023-12-18,HR,Manager,USD,ACTIVE,E000865,true,48647,8000008647
E008648,Emp08648,User08648,employee08648@example.com,9000008648,2023-12-19,Marketing,Developer,USD,ACTIVE,E000865,true,48648,8000008648
E008649,Emp08649,User08649,employee08649@example.com,9000008649,2023-12-20,Operations,Specialist,USD,ACTIVE,E000865,true,48649,8000008649
E008650,Emp08650,User08650,employee08650@example.com,9000008650,2023-12-21,Engineering,Software Engineer,USD,ACTIVE,E000865,true,48650,8000008650
E008651,Emp08651,User08651,employee08651@example.com,9000008651,2023-12-22,Finance,Analyst,USD,ACTIVE,E000866,true,48651,8000008651
E008652,Emp08652,User08652,employee08652@example.com,9000008652,2023-12-23,HR,Manager,USD,ACTIVE,E000866,true,48652,8000008652
E008653,Emp08653,User08653,employee08653@example.com,9000008653,2023-12-24,Marketing,Developer,USD,ACTIVE,E000866,true,48653,8000008653
E008654,Emp08654,User08654,employee08654@example.com,9000008654,2023-12-25,Operations,Specialist,USD,ACTIVE,E000866,true,48654,8000008654
E008655,Emp08655,User08655,employee08655@example.com,9000008655,2023-12-26,Engineering,Software Engineer,USD,ACTIVE,E000866,true,48655,8000008655
E008656,Emp08656,User08656,employee08656@example.com,9000008656,2023-12-27,Finance,Analyst,USD,ACTIVE,E000866,true,48656,8000008656
E008657,Emp08657,User08657,employee08657@example.com,9000008657,2023-12-28,HR,Manager,USD,ACTIVE,E000866,true,48657,8000008657
E008658,Emp08658,User08658,employee08658@example.com,9000008658,2023-12-29,Marketing,Developer,USD,ACTIVE,E000866,true,48658,8000008658
E008659,Emp08659,User08659,employee08659@example.com,9000008659,2023-12-30,Operations,Specialist,USD,ACTIVE,E000866,true,48659,8000008659
E008660,Emp08660,User08660,employee08660@example.com,9000008660,2023-12-31,Engineering,Software Engineer,USD,ACTIVE,E000866,true,48660,8000008660
E008661,Emp08661,User08661,employee08661@example.com,9000008661,2024-01-01,Finance,Analyst,USD,ACTIVE,E000867,true,48661,8000008661
E008662,Emp08662,User08662,employee08662@example.com,9000008662,2024-01-02,HR,Manager,USD,ACTIVE,E000867,true,48662,8000008662
E008663,Emp08663,User08663,employee08663@example.com,9000008663,2024-01-03,Marketing,Developer,USD,ACTIVE,E000867,true,48663,8000008663
E008664,Emp08664,User08664,employee08664@example.com,9000008664,2024-01-04,Operations,Specialist,USD,ACTIVE,E000867,true,48664,8000008664
E008665,Emp08665,User08665,employee08665@example.com,9000008665,2024-01-05,Engineering,Software Engineer,USD,ACTIVE,E000867,true,48665,8000008665
E008666,Emp08666,User08666,employee08666@example.com,9000008666,2024-01-06,Finance,Analyst,USD,ACTIVE,E000867,true,48666,8000008666
E008667,Emp08667,User08667,employee08667@example.com,9000008667,2024-01-07,HR,Manager,USD,ACTIVE,E000867,true,48667,8000008667
E008668,Emp08668,User08668,employee08668@example.com,9000008668,2024-01-08,Marketing,Developer,USD,ACTIVE,E000867,true,48668,8000008668
E008669,Emp08669,User08669,employee08669@example.com,9000008669,2024-01-09,Operations,Specialist,USD,ACTIVE,E000867,true,48669,8000008669
E008670,Emp08670,User08670,employee08670@example.com,9000008670,2024-01-10,Engineering,Software Engineer,USD,ACTIVE,E000867,true,48670,8000008670
E008671,Emp08671,User08671,employee08671@example.com,9000008671,2024-01-11,Finance,Analyst,USD,ACTIVE,E000868,true,48671,8000008671
E008672,Emp08672,User08672,employee08672@example.com,9000008672,2024-01-12,HR,Manager,USD,ACTIVE,E000868,true,48672,8000008672
E008673,Emp08673,User08673,employee08673@example.com,9000008673,2024-01-13,Marketing,Developer,USD,ACTIVE,E000868,true,48673,8000008673
E008674,Emp08674,User08674,employee08674@example.com,9000008674,2024-01-14,Operations,Specialist,USD,ACTIVE,E000868,true,48674,8000008674
E008675,Emp08675,User08675,employee08675@example.com,9000008675,2024-01-15,Engineering,Software Engineer,USD,ACTIVE,E000868,true,48675,8000008675
E008676,Emp08676,User08676,employee08676@example.com,9000008676,2024-01-16,Finance,Analyst,USD,ACTIVE,E000868,true,48676,8000008676
E008677,Emp08677,User08677,employee08677@example.com,9000008677,2024-01-17,HR,Manager,USD,ACTIVE,E000868,true,48677,8000008677
E008678,Emp08678,User08678,employee08678@example.com,9000008678,2024-01-18,Marketing,Developer,USD,ACTIVE,E000868,true,48678,8000008678
E008679,Emp08679,User08679,employee08679@example.com,9000008679,2024-01-19,Operations,Specialist,USD,ACTIVE,E000868,true,48679,8000008679
E008680,Emp08680,User08680,employee08680@example.com,9000008680,2024-01-20,Engineering,Software Engineer,USD,ACTIVE,E000868,true,48680,8000008680
E008681,Emp08681,User08681,employee08681@example.com,9000008681,2024-01-21,Finance,Analyst,USD,ACTIVE,E000869,true,48681,8000008681
E008682,Emp08682,User08682,employee08682@example.com,9000008682,2024-01-22,HR,Manager,USD,ACTIVE,E000869,true,48682,8000008682
E008683,Emp08683,User08683,employee08683@example.com,9000008683,2024-01-23,Marketing,Developer,USD,ACTIVE,E000869,true,48683,8000008683
E008684,Emp08684,User08684,employee08684@example.com,9000008684,2024-01-24,Operations,Specialist,USD,ACTIVE,E000869,true,48684,8000008684
E008685,Emp08685,User08685,employee08685@example.com,9000008685,2024-01-25,Engineering,Software Engineer,USD,ACTIVE,E000869,true,48685,8000008685
E008686,Emp08686,User08686,employee08686@example.com,9000008686,2024-01-26,Finance,Analyst,USD,ACTIVE,E000869,true,48686,8000008686
E008687,Emp08687,User08687,employee08687@example.com,9000008687,2024-01-27,HR,Manager,USD,ACTIVE,E000869,true,48687,8000008687
E008688,Emp08688,User08688,employee08688@example.com,9000008688,2024-01-28,Marketing,Developer,USD,ACTIVE,E000869,true,48688,8000008688
E008689,Emp08689,User08689,employee08689@example.com,9000008689,2024-01-29,Operations,Specialist,USD,ACTIVE,E000869,true,48689,8000008689
E008690,Emp08690,User08690,employee08690@example.com,9000008690,2024-01-30,Engineering,Software Engineer,USD,ACTIVE,E000869,true,48690,8000008690
E008691,Emp08691,User08691,employee08691@example.com,9000008691,2024-01-31,Finance,Analyst,USD,ACTIVE,E000870,true,48691,8000008691
E008692,Emp08692,User08692,employee08692@example.com,9000008692,2024-02-01,HR,Manager,USD,ACTIVE,E000870,true,48692,8000008692
E008693,Emp08693,User08693,employee08693@example.com,9000008693,2024-02-02,Marketing,Developer,USD,ACTIVE,E000870,true,48693,8000008693
E008694,Emp08694,User08694,employee08694@example.com,9000008694,2024-02-03,Operations,Specialist,USD,ACTIVE,E000870,true,48694,8000008694
E008695,Emp08695,User08695,employee08695@example.com,9000008695,2024-02-04,Engineering,Software Engineer,USD,ACTIVE,E000870,true,48695,8000008695
E008696,Emp08696,User08696,employee08696@example.com,9000008696,2024-02-05,Finance,Analyst,USD,ACTIVE,E000870,true,48696,8000008696
E008697,Emp08697,User08697,employee08697@example.com,9000008697,2024-02-06,HR,Manager,USD,ACTIVE,E000870,true,48697,8000008697
E008698,Emp08698,User08698,employee08698@example.com,9000008698,2024-02-07,Marketing,Developer,USD,ACTIVE,E000870,true,48698,8000008698
E008699,Emp08699,User08699,employee08699@example.com,9000008699,2024-02-08,Operations,Specialist,USD,ACTIVE,E000870,true,48699,8000008699
E008700,Emp08700,User08700,employee08700@example.com,9000008700,2024-02-09,Engineering,Software Engineer,USD,ACTIVE,E000870,true,48700,8000008700
E008701,Emp08701,User08701,employee08701@example.com,9000008701,2024-02-10,Finance,Analyst,USD,ACTIVE,E000871,true,48701,8000008701
E008702,Emp08702,User08702,employee08702@example.com,9000008702,2024-02-11,HR,Manager,USD,ACTIVE,E000871,true,48702,8000008702
E008703,Emp08703,User08703,employee08703@example.com,9000008703,2024-02-12,Marketing,Developer,USD,ACTIVE,E000871,true,48703,8000008703
E008704,Emp08704,User08704,employee08704@example.com,9000008704,2024-02-13,Operations,Specialist,USD,ACTIVE,E000871,true,48704,8000008704
E008705,Emp08705,User08705,employee08705@example.com,9000008705,2024-02-14,Engineering,Software Engineer,USD,ACTIVE,E000871,true,48705,8000008705
E008706,Emp08706,User08706,employee08706@example.com,9000008706,2024-02-15,Finance,Analyst,USD,ACTIVE,E000871,true,48706,8000008706
E008707,Emp08707,User08707,employee08707@example.com,9000008707,2024-02-16,HR,Manager,USD,ACTIVE,E000871,true,48707,8000008707
E008708,Emp08708,User08708,employee08708@example.com,9000008708,2024-02-17,Marketing,Developer,USD,ACTIVE,E000871,true,48708,8000008708
E008709,Emp08709,User08709,employee08709@example.com,9000008709,2024-02-18,Operations,Specialist,USD,ACTIVE,E000871,true,48709,8000008709
E008710,Emp08710,User08710,employee08710@example.com,9000008710,2024-02-19,Engineering,Software Engineer,USD,ACTIVE,E000871,true,48710,8000008710
E008711,Emp08711,User08711,employee08711@example.com,9000008711,2024-02-20,Finance,Analyst,USD,ACTIVE,E000872,true,48711,8000008711
E008712,Emp08712,User08712,employee08712@example.com,9000008712,2024-02-21,HR,Manager,USD,ACTIVE,E000872,true,48712,8000008712
E008713,Emp08713,User08713,employee08713@example.com,9000008713,2024-02-22,Marketing,Developer,USD,ACTIVE,E000872,true,48713,8000008713
E008714,Emp08714,User08714,employee08714@example.com,9000008714,2024-02-23,Operations,Specialist,USD,ACTIVE,E000872,true,48714,8000008714
E008715,Emp08715,User08715,employee08715@example.com,9000008715,2024-02-24,Engineering,Software Engineer,USD,ACTIVE,E000872,true,48715,8000008715
E008716,Emp08716,User08716,employee08716@example.com,9000008716,2024-02-25,Finance,Analyst,USD,ACTIVE,E000872,true,48716,8000008716
E008717,Emp08717,User08717,employee08717@example.com,9000008717,2024-02-26,HR,Manager,USD,ACTIVE,E000872,true,48717,8000008717
E008718,Emp08718,User08718,employee08718@example.com,9000008718,2024-02-27,Marketing,Developer,USD,ACTIVE,E000872,true,48718,8000008718
E008719,Emp08719,User08719,employee08719@example.com,9000008719,2024-02-28,Operations,Specialist,USD,ACTIVE,E000872,true,48719,8000008719
E008720,Emp08720,User08720,employee08720@example.com,9000008720,2024-02-29,Engineering,Software Engineer,USD,ACTIVE,E000872,true,48720,8000008720
E008721,Emp08721,User08721,employee08721@example.com,9000008721,2024-03-01,Finance,Analyst,USD,ACTIVE,E000873,true,48721,8000008721
E008722,Emp08722,User08722,employee08722@example.com,9000008722,2024-03-02,HR,Manager,USD,ACTIVE,E000873,true,48722,8000008722
E008723,Emp08723,User08723,employee08723@example.com,9000008723,2024-03-03,Marketing,Developer,USD,ACTIVE,E000873,true,48723,8000008723
E008724,Emp08724,User08724,employee08724@example.com,9000008724,2024-03-04,Operations,Specialist,USD,ACTIVE,E000873,true,48724,8000008724
E008725,Emp08725,User08725,employee08725@example.com,9000008725,2024-03-05,Engineering,Software Engineer,USD,ACTIVE,E000873,true,48725,8000008725
E008726,Emp08726,User08726,employee08726@example.com,9000008726,2024-03-06,Finance,Analyst,USD,ACTIVE,E000873,true,48726,8000008726
E008727,Emp08727,User08727,employee08727@example.com,9000008727,2024-03-07,HR,Manager,USD,ACTIVE,E000873,true,48727,8000008727
E008728,Emp08728,User08728,employee08728@example.com,9000008728,2024-03-08,Marketing,Developer,USD,ACTIVE,E000873,true,48728,8000008728
E008729,Emp08729,User08729,employee08729@example.com,9000008729,2024-03-09,Operations,Specialist,USD,ACTIVE,E000873,true,48729,8000008729
E008730,Emp08730,User08730,employee08730@example.com,9000008730,2024-03-10,Engineering,Software Engineer,USD,ACTIVE,E000873,true,48730,8000008730
E008731,Emp08731,User08731,employee08731@example.com,9000008731,2024-03-11,Finance,Analyst,USD,ACTIVE,E000874,true,48731,8000008731
E008732,Emp08732,User08732,employee08732@example.com,9000008732,2024-03-12,HR,Manager,USD,ACTIVE,E000874,true,48732,8000008732
E008733,Emp08733,User08733,employee08733@example.com,9000008733,2024-03-13,Marketing,Developer,USD,ACTIVE,E000874,true,48733,8000008733
E008734,Emp08734,User08734,employee08734@example.com,9000008734,2024-03-14,Operations,Specialist,USD,ACTIVE,E000874,true,48734,8000008734
E008735,Emp08735,User08735,employee08735@example.com,9000008735,2024-03-15,Engineering,Software Engineer,USD,ACTIVE,E000874,true,48735,8000008735
E008736,Emp08736,User08736,employee08736@example.com,9000008736,2024-03-16,Finance,Analyst,USD,ACTIVE,E000874,true,48736,8000008736
E008737,Emp08737,User08737,employee08737@example.com,9000008737,2024-03-17,HR,Manager,USD,ACTIVE,E000874,true,48737,8000008737
E008738,Emp08738,User08738,employee08738@example.com,9000008738,2024-03-18,Marketing,Developer,USD,ACTIVE,E000874,true,48738,8000008738
E008739,Emp08739,User08739,employee08739@example.com,9000008739,2024-03-19,Operations,Specialist,USD,ACTIVE,E000874,true,48739,8000008739
E008740,Emp08740,User08740,employee08740@example.com,9000008740,2024-03-20,Engineering,Software Engineer,USD,ACTIVE,E000874,true,48740,8000008740
E008741,Emp08741,User08741,employee08741@example.com,9000008741,2024-03-21,Finance,Analyst,USD,ACTIVE,E000875,true,48741,8000008741
E008742,Emp08742,User08742,employee08742@example.com,9000008742,2024-03-22,HR,Manager,USD,ACTIVE,E000875,true,48742,8000008742
E008743,Emp08743,User08743,employee08743@example.com,9000008743,2024-03-23,Marketing,Developer,USD,ACTIVE,E000875,true,48743,8000008743
E008744,Emp08744,User08744,employee08744@example.com,9000008744,2024-03-24,Operations,Specialist,USD,ACTIVE,E000875,true,48744,8000008744
E008745,Emp08745,User08745,employee08745@example.com,9000008745,2024-03-25,Engineering,Software Engineer,USD,ACTIVE,E000875,true,48745,8000008745
E008746,Emp08746,User08746,employee08746@example.com,9000008746,2024-03-26,Finance,Analyst,USD,ACTIVE,E000875,true,48746,8000008746
E008747,Emp08747,User08747,employee08747@example.com,9000008747,2024-03-27,HR,Manager,USD,ACTIVE,E000875,true,48747,8000008747
E008748,Emp08748,User08748,employee08748@example.com,9000008748,2024-03-28,Marketing,Developer,USD,ACTIVE,E000875,true,48748,8000008748
E008749,Emp08749,User08749,employee08749@example.com,9000008749,2024-03-29,Operations,Specialist,USD,ACTIVE,E000875,true,48749,8000008749
E008750,Emp08750,User08750,employee08750@example.com,9000008750,2024-03-30,Engineering,Software Engineer,USD,ACTIVE,E000875,true,48750,8000008750
E008751,Emp08751,User08751,employee08751@example.com,9000008751,2024-03-31,Finance,Analyst,USD,ACTIVE,E000876,true,48751,8000008751
E008752,Emp08752,User08752,employee08752@example.com,9000008752,2024-04-01,HR,Manager,USD,ACTIVE,E000876,true,48752,8000008752
E008753,Emp08753,User08753,employee08753@example.com,9000008753,2024-04-02,Marketing,Developer,USD,ACTIVE,E000876,true,48753,8000008753
E008754,Emp08754,User08754,employee08754@example.com,9000008754,2024-04-03,Operations,Specialist,USD,ACTIVE,E000876,true,48754,8000008754
E008755,Emp08755,User08755,employee08755@example.com,9000008755,2024-04-04,Engineering,Software Engineer,USD,ACTIVE,E000876,true,48755,8000008755
E008756,Emp08756,User08756,employee08756@example.com,9000008756,2024-04-05,Finance,Analyst,USD,ACTIVE,E000876,true,48756,8000008756
E008757,Emp08757,User08757,employee08757@example.com,9000008757,2024-04-06,HR,Manager,USD,ACTIVE,E000876,true,48757,8000008757
E008758,Emp08758,User08758,employee08758@example.com,9000008758,2024-04-07,Marketing,Developer,USD,ACTIVE,E000876,true,48758,8000008758
E008759,Emp08759,User08759,employee08759@example.com,9000008759,2024-04-08,Operations,Specialist,USD,ACTIVE,E000876,true,48759,8000008759
E008760,Emp08760,User08760,employee08760@example.com,9000008760,2024-04-09,Engineering,Software Engineer,USD,ACTIVE,E000876,true,48760,8000008760
E008761,Emp08761,User08761,employee08761@example.com,9000008761,2024-04-10,Finance,Analyst,USD,ACTIVE,E000877,true,48761,8000008761
E008762,Emp08762,User08762,employee08762@example.com,9000008762,2024-04-11,HR,Manager,USD,ACTIVE,E000877,true,48762,8000008762
E008763,Emp08763,User08763,employee08763@example.com,9000008763,2024-04-12,Marketing,Developer,USD,ACTIVE,E000877,true,48763,8000008763
E008764,Emp08764,User08764,employee08764@example.com,9000008764,2024-04-13,Operations,Specialist,USD,ACTIVE,E000877,true,48764,8000008764
E008765,Emp08765,User08765,employee08765@example.com,9000008765,2024-04-14,Engineering,Software Engineer,USD,ACTIVE,E000877,true,48765,8000008765
E008766,Emp08766,User08766,employee08766@example.com,9000008766,2024-04-15,Finance,Analyst,USD,ACTIVE,E000877,true,48766,8000008766
E008767,Emp08767,User08767,employee08767@example.com,9000008767,2024-04-16,HR,Manager,USD,ACTIVE,E000877,true,48767,8000008767
E008768,Emp08768,User08768,employee08768@example.com,9000008768,2024-04-17,Marketing,Developer,USD,ACTIVE,E000877,true,48768,8000008768
E008769,Emp08769,User08769,employee08769@example.com,9000008769,2024-04-18,Operations,Specialist,USD,ACTIVE,E000877,true,48769,8000008769
E008770,Emp08770,User08770,employee08770@example.com,9000008770,2024-04-19,Engineering,Software Engineer,USD,ACTIVE,E000877,true,48770,8000008770
E008771,Emp08771,User08771,employee08771@example.com,9000008771,2024-04-20,Finance,Analyst,USD,ACTIVE,E000878,true,48771,8000008771
E008772,Emp08772,User08772,employee08772@example.com,9000008772,2024-04-21,HR,Manager,USD,ACTIVE,E000878,true,48772,8000008772
E008773,Emp08773,User08773,employee08773@example.com,9000008773,2024-04-22,Marketing,Developer,USD,ACTIVE,E000878,true,48773,8000008773
E008774,Emp08774,User08774,employee08774@example.com,9000008774,2024-04-23,Operations,Specialist,USD,ACTIVE,E000878,true,48774,8000008774
E008775,Emp08775,User08775,employee08775@example.com,9000008775,2024-04-24,Engineering,Software Engineer,USD,ACTIVE,E000878,true,48775,8000008775
E008776,Emp08776,User08776,employee08776@example.com,9000008776,2024-04-25,Finance,Analyst,USD,ACTIVE,E000878,true,48776,8000008776
E008777,Emp08777,User08777,employee08777@example.com,9000008777,2024-04-26,HR,Manager,USD,ACTIVE,E000878,true,48777,8000008777
E008778,Emp08778,User08778,employee08778@example.com,9000008778,2024-04-27,Marketing,Developer,USD,ACTIVE,E000878,true,48778,8000008778
E008779,Emp08779,User08779,employee08779@example.com,9000008779,2024-04-28,Operations,Specialist,USD,ACTIVE,E000878,true,48779,8000008779
E008780,Emp08780,User08780,employee08780@example.com,9000008780,2024-04-29,Engineering,Software Engineer,USD,ACTIVE,E000878,true,48780,8000008780
E008781,Emp08781,User08781,employee08781@example.com,9000008781,2024-04-30,Finance,Analyst,USD,ACTIVE,E000879,true,48781,8000008781
E008782,Emp08782,User08782,employee08782@example.com,9000008782,2024-05-01,HR,Manager,USD,ACTIVE,E000879,true,48782,8000008782
E008783,Emp08783,User08783,employee08783@example.com,9000008783,2024-05-02,Marketing,Developer,USD,ACTIVE,E000879,true,48783,8000008783
E008784,Emp08784,User08784,employee08784@example.com,9000008784,2024-05-03,Operations,Specialist,USD,ACTIVE,E000879,true,48784,8000008784
E008785,Emp08785,User08785,employee08785@example.com,9000008785,2024-05-04,Engineering,Software Engineer,USD,ACTIVE,E000879,true,48785,8000008785
E008786,Emp08786,User08786,employee08786@example.com,9000008786,2024-05-05,Finance,Analyst,USD,ACTIVE,E000879,true,48786,8000008786
E008787,Emp08787,User08787,employee08787@example.com,9000008787,2024-05-06,HR,Manager,USD,ACTIVE,E000879,true,48787,8000008787
E008788,Emp08788,User08788,employee08788@example.com,9000008788,2024-05-07,Marketing,Developer,USD,ACTIVE,E000879,true,48788,8000008788
E008789,Emp08789,User08789,employee08789@example.com,9000008789,2024-05-08,Operations,Specialist,USD,ACTIVE,E000879,true,48789,8000008789
E008790,Emp08790,User08790,employee08790@example.com,9000008790,2024-05-09,Engineering,Software Engineer,USD,ACTIVE,E000879,true,48790,8000008790
E008791,Emp08791,User08791,employee08791@example.com,9000008791,2024-05-10,Finance,Analyst,USD,ACTIVE,E000880,true,48791,8000008791
E008792,Emp08792,User08792,employee08792@example.com,9000008792,2024-05-11,HR,Manager,USD,ACTIVE,E000880,true,48792,8000008792
E008793,Emp08793,User08793,employee08793@example.com,9000008793,2024-05-12,Marketing,Developer,USD,ACTIVE,E000880,true,48793,8000008793
E008794,Emp08794,User08794,employee08794@example.com,9000008794,2024-05-13,Operations,Specialist,USD,ACTIVE,E000880,true,48794,8000008794
E008795,Emp08795,User08795,employee08795@example.com,9000008795,2024-05-14,Engineering,Software Engineer,USD,ACTIVE,E000880,true,48795,8000008795
E008796,Emp08796,User08796,employee08796@example.com,9000008796,2024-05-15,Finance,Analyst,USD,ACTIVE,E000880,true,48796,8000008796
E008797,Emp08797,User08797,employee08797@example.com,9000008797,2024-05-16,HR,Manager,USD,ACTIVE,E000880,true,48797,8000008797
E008798,Emp08798,User08798,employee08798@example.com,9000008798,2024-05-17,Marketing,Developer,USD,ACTIVE,E000880,true,48798,8000008798
E008799,Emp08799,User08799,employee08799@example.com,9000008799,2024-05-18,Operations,Specialist,USD,ACTIVE,E000880,true,48799,8000008799
E008800,Emp08800,User08800,employee08800@example.com,9000008800,2024-05-19,Engineering,Software Engineer,USD,ACTIVE,E000880,true,48800,8000008800
E008801,Emp08801,User08801,employee08801@example.com,9000008801,2024-05-20,Finance,Analyst,USD,ACTIVE,E000881,true,48801,8000008801
E008802,Emp08802,User08802,employee08802@example.com,9000008802,2024-05-21,HR,Manager,USD,ACTIVE,E000881,true,48802,8000008802
E008803,Emp08803,User08803,employee08803@example.com,9000008803,2024-05-22,Marketing,Developer,USD,ACTIVE,E000881,true,48803,8000008803
E008804,Emp08804,User08804,employee08804@example.com,9000008804,2024-05-23,Operations,Specialist,USD,ACTIVE,E000881,true,48804,8000008804
E008805,Emp08805,User08805,employee08805@example.com,9000008805,2024-05-24,Engineering,Software Engineer,USD,ACTIVE,E000881,true,48805,8000008805
E008806,Emp08806,User08806,employee08806@example.com,9000008806,2024-05-25,Finance,Analyst,USD,ACTIVE,E000881,true,48806,8000008806
E008807,Emp08807,User08807,employee08807@example.com,9000008807,2024-05-26,HR,Manager,USD,ACTIVE,E000881,true,48807,8000008807
E008808,Emp08808,User08808,employee08808@example.com,9000008808,2024-05-27,Marketing,Developer,USD,ACTIVE,E000881,true,48808,8000008808
E008809,Emp08809,User08809,employee08809@example.com,9000008809,2024-05-28,Operations,Specialist,USD,ACTIVE,E000881,true,48809,8000008809
E008810,Emp08810,User08810,employee08810@example.com,9000008810,2024-05-29,Engineering,Software Engineer,USD,ACTIVE,E000881,true,48810,8000008810
E008811,Emp08811,User08811,employee08811@example.com,9000008811,2024-05-30,Finance,Analyst,USD,ACTIVE,E000882,true,48811,8000008811
E008812,Emp08812,User08812,employee08812@example.com,9000008812,2024-05-31,HR,Manager,USD,ACTIVE,E000882,true,48812,8000008812
E008813,Emp08813,User08813,employee08813@example.com,9000008813,2024-06-01,Marketing,Developer,USD,ACTIVE,E000882,true,48813,8000008813
E008814,Emp08814,User08814,employee08814@example.com,9000008814,2024-06-02,Operations,Specialist,USD,ACTIVE,E000882,true,48814,8000008814
E008815,Emp08815,User08815,employee08815@example.com,9000008815,2024-06-03,Engineering,Software Engineer,USD,ACTIVE,E000882,true,48815,8000008815
E008816,Emp08816,User08816,employee08816@example.com,9000008816,2024-06-04,Finance,Analyst,USD,ACTIVE,E000882,true,48816,8000008816
E008817,Emp08817,User08817,employee08817@example.com,9000008817,2024-06-05,HR,Manager,USD,ACTIVE,E000882,true,48817,8000008817
E008818,Emp08818,User08818,employee08818@example.com,9000008818,2024-06-06,Marketing,Developer,USD,ACTIVE,E000882,true,48818,8000008818
E008819,Emp08819,User08819,employee08819@example.com,9000008819,2024-06-07,Operations,Specialist,USD,ACTIVE,E000882,true,48819,8000008819
E008820,Emp08820,User08820,employee08820@example.com,9000008820,2024-06-08,Engineering,Software Engineer,USD,ACTIVE,E000882,true,48820,8000008820
E008821,Emp08821,User08821,employee08821@example.com,9000008821,2024-06-09,Finance,Analyst,USD,ACTIVE,E000883,true,48821,8000008821
E008822,Emp08822,User08822,employee08822@example.com,9000008822,2024-06-10,HR,Manager,USD,ACTIVE,E000883,true,48822,8000008822
E008823,Emp08823,User08823,employee08823@example.com,9000008823,2024-06-11,Marketing,Developer,USD,ACTIVE,E000883,true,48823,8000008823
E008824,Emp08824,User08824,employee08824@example.com,9000008824,2024-06-12,Operations,Specialist,USD,ACTIVE,E000883,true,48824,8000008824
E008825,Emp08825,User08825,employee08825@example.com,9000008825,2024-06-13,Engineering,Software Engineer,USD,ACTIVE,E000883,true,48825,8000008825
E008826,Emp08826,User08826,employee08826@example.com,9000008826,2024-06-14,Finance,Analyst,USD,ACTIVE,E000883,true,48826,8000008826
E008827,Emp08827,User08827,employee08827@example.com,9000008827,2024-06-15,HR,Manager,USD,ACTIVE,E000883,true,48827,8000008827
E008828,Emp08828,User08828,employee08828@example.com,9000008828,2024-06-16,Marketing,Developer,USD,ACTIVE,E000883,true,48828,8000008828
E008829,Emp08829,User08829,employee08829@example.com,9000008829,2024-06-17,Operations,Specialist,USD,ACTIVE,E000883,true,48829,8000008829
E008830,Emp08830,User08830,employee08830@example.com,9000008830,2024-06-18,Engineering,Software Engineer,USD,ACTIVE,E000883,true,48830,8000008830
E008831,Emp08831,User08831,employee08831@example.com,9000008831,2024-06-19,Finance,Analyst,USD,ACTIVE,E000884,true,48831,8000008831
E008832,Emp08832,User08832,employee08832@example.com,9000008832,2024-06-20,HR,Manager,USD,ACTIVE,E000884,true,48832,8000008832
E008833,Emp08833,User08833,employee08833@example.com,9000008833,2024-06-21,Marketing,Developer,USD,ACTIVE,E000884,true,48833,8000008833
E008834,Emp08834,User08834,employee08834@example.com,9000008834,2024-06-22,Operations,Specialist,USD,ACTIVE,E000884,true,48834,8000008834
E008835,Emp08835,User08835,employee08835@example.com,9000008835,2024-06-23,Engineering,Software Engineer,USD,ACTIVE,E000884,true,48835,8000008835
E008836,Emp08836,User08836,employee08836@example.com,9000008836,2024-06-24,Finance,Analyst,USD,ACTIVE,E000884,true,48836,8000008836
E008837,Emp08837,User08837,employee08837@example.com,9000008837,2024-06-25,HR,Manager,USD,ACTIVE,E000884,true,48837,8000008837
E008838,Emp08838,User08838,employee08838@example.com,9000008838,2024-06-26,Marketing,Developer,USD,ACTIVE,E000884,true,48838,8000008838
E008839,Emp08839,User08839,employee08839@example.com,9000008839,2024-06-27,Operations,Specialist,USD,ACTIVE,E000884,true,48839,8000008839
E008840,Emp08840,User08840,employee08840@example.com,9000008840,2024-06-28,Engineering,Software Engineer,USD,ACTIVE,E000884,true,48840,8000008840
E008841,Emp08841,User08841,employee08841@example.com,9000008841,2024-06-29,Finance,Analyst,USD,ACTIVE,E000885,true,48841,8000008841
E008842,Emp08842,User08842,employee08842@example.com,9000008842,2024-06-30,HR,Manager,USD,ACTIVE,E000885,true,48842,8000008842
E008843,Emp08843,User08843,employee08843@example.com,9000008843,2024-07-01,Marketing,Developer,USD,ACTIVE,E000885,true,48843,8000008843
E008844,Emp08844,User08844,employee08844@example.com,9000008844,2024-07-02,Operations,Specialist,USD,ACTIVE,E000885,true,48844,8000008844
E008845,Emp08845,User08845,employee08845@example.com,9000008845,2024-07-03,Engineering,Software Engineer,USD,ACTIVE,E000885,true,48845,8000008845
E008846,Emp08846,User08846,employee08846@example.com,9000008846,2024-07-04,Finance,Analyst,USD,ACTIVE,E000885,true,48846,8000008846
E008847,Emp08847,User08847,employee08847@example.com,9000008847,2024-07-05,HR,Manager,USD,ACTIVE,E000885,true,48847,8000008847
E008848,Emp08848,User08848,employee08848@example.com,9000008848,2024-07-06,Marketing,Developer,USD,ACTIVE,E000885,true,48848,8000008848
E008849,Emp08849,User08849,employee08849@example.com,9000008849,2024-07-07,Operations,Specialist,USD,ACTIVE,E000885,true,48849,8000008849
E008850,Emp08850,User08850,employee08850@example.com,9000008850,2024-07-08,Engineering,Software Engineer,USD,ACTIVE,E000885,true,48850,8000008850
E008851,Emp08851,User08851,employee08851@example.com,9000008851,2024-07-09,Finance,Analyst,USD,ACTIVE,E000886,true,48851,8000008851
E008852,Emp08852,User08852,employee08852@example.com,9000008852,2024-07-10,HR,Manager,USD,ACTIVE,E000886,true,48852,8000008852
E008853,Emp08853,User08853,employee08853@example.com,9000008853,2024-07-11,Marketing,Developer,USD,ACTIVE,E000886,true,48853,8000008853
E008854,Emp08854,User08854,employee08854@example.com,9000008854,2024-07-12,Operations,Specialist,USD,ACTIVE,E000886,true,48854,8000008854
E008855,Emp08855,User08855,employee08855@example.com,9000008855,2024-07-13,Engineering,Software Engineer,USD,ACTIVE,E000886,true,48855,8000008855
E008856,Emp08856,User08856,employee08856@example.com,9000008856,2024-07-14,Finance,Analyst,USD,ACTIVE,E000886,true,48856,8000008856
E008857,Emp08857,User08857,employee08857@example.com,9000008857,2024-07-15,HR,Manager,USD,ACTIVE,E000886,true,48857,8000008857
E008858,Emp08858,User08858,employee08858@example.com,9000008858,2024-07-16,Marketing,Developer,USD,ACTIVE,E000886,true,48858,8000008858
E008859,Emp08859,User08859,employee08859@example.com,9000008859,2024-07-17,Operations,Specialist,USD,ACTIVE,E000886,true,48859,8000008859
E008860,Emp08860,User08860,employee08860@example.com,9000008860,2024-07-18,Engineering,Software Engineer,USD,ACTIVE,E000886,true,48860,8000008860
E008861,Emp08861,User08861,employee08861@example.com,9000008861,2024-07-19,Finance,Analyst,USD,ACTIVE,E000887,true,48861,8000008861
E008862,Emp08862,User08862,employee08862@example.com,9000008862,2024-07-20,HR,Manager,USD,ACTIVE,E000887,true,48862,8000008862
E008863,Emp08863,User08863,employee08863@example.com,9000008863,2024-07-21,Marketing,Developer,USD,ACTIVE,E000887,true,48863,8000008863
E008864,Emp08864,User08864,employee08864@example.com,9000008864,2024-07-22,Operations,Specialist,USD,ACTIVE,E000887,true,48864,8000008864
E008865,Emp08865,User08865,employee08865@example.com,9000008865,2024-07-23,Engineering,Software Engineer,USD,ACTIVE,E000887,true,48865,8000008865
E008866,Emp08866,User08866,employee08866@example.com,9000008866,2024-07-24,Finance,Analyst,USD,ACTIVE,E000887,true,48866,8000008866
E008867,Emp08867,User08867,employee08867@example.com,9000008867,2024-07-25,HR,Manager,USD,ACTIVE,E000887,true,48867,8000008867
E008868,Emp08868,User08868,employee08868@example.com,9000008868,2024-07-26,Marketing,Developer,USD,ACTIVE,E000887,true,48868,8000008868
E008869,Emp08869,User08869,employee08869@example.com,9000008869,2024-07-27,Operations,Specialist,USD,ACTIVE,E000887,true,48869,8000008869
E008870,Emp08870,User08870,employee08870@example.com,9000008870,2024-07-28,Engineering,Software Engineer,USD,ACTIVE,E000887,true,48870,8000008870
E008871,Emp08871,User08871,employee08871@example.com,9000008871,2024-07-29,Finance,Analyst,USD,ACTIVE,E000888,true,48871,8000008871
E008872,Emp08872,User08872,employee08872@example.com,9000008872,2024-07-30,HR,Manager,USD,ACTIVE,E000888,true,48872,8000008872
E008873,Emp08873,User08873,employee08873@example.com,9000008873,2024-07-31,Marketing,Developer,USD,ACTIVE,E000888,true,48873,8000008873
E008874,Emp08874,User08874,employee08874@example.com,9000008874,2024-08-01,Operations,Specialist,USD,ACTIVE,E000888,true,48874,8000008874
E008875,Emp08875,User08875,employee08875@example.com,9000008875,2024-08-02,Engineering,Software Engineer,USD,ACTIVE,E000888,true,48875,8000008875
E008876,Emp08876,User08876,employee08876@example.com,9000008876,2024-08-03,Finance,Analyst,USD,ACTIVE,E000888,true,48876,8000008876
E008877,Emp08877,User08877,employee08877@example.com,9000008877,2024-08-04,HR,Manager,USD,ACTIVE,E000888,true,48877,8000008877
E008878,Emp08878,User08878,employee08878@example.com,9000008878,2024-08-05,Marketing,Developer,USD,ACTIVE,E000888,true,48878,8000008878
E008879,Emp08879,User08879,employee08879@example.com,9000008879,2024-08-06,Operations,Specialist,USD,ACTIVE,E000888,true,48879,8000008879
E008880,Emp08880,User08880,employee08880@example.com,9000008880,2024-08-07,Engineering,Software Engineer,USD,ACTIVE,E000888,true,48880,8000008880
E008881,Emp08881,User08881,employee08881@example.com,9000008881,2024-08-08,Finance,Analyst,USD,ACTIVE,E000889,true,48881,8000008881
E008882,Emp08882,User08882,employee08882@example.com,9000008882,2024-08-09,HR,Manager,USD,ACTIVE,E000889,true,48882,8000008882
E008883,Emp08883,User08883,employee08883@example.com,9000008883,2024-08-10,Marketing,Developer,USD,ACTIVE,E000889,true,48883,8000008883
E008884,Emp08884,User08884,employee08884@example.com,9000008884,2024-08-11,Operations,Specialist,USD,ACTIVE,E000889,true,48884,8000008884
E008885,Emp08885,User08885,employee08885@example.com,9000008885,2024-08-12,Engineering,Software Engineer,USD,ACTIVE,E000889,true,48885,8000008885
E008886,Emp08886,User08886,employee08886@example.com,9000008886,2024-08-13,Finance,Analyst,USD,ACTIVE,E000889,true,48886,8000008886
E008887,Emp08887,User08887,employee08887@example.com,9000008887,2024-08-14,HR,Manager,USD,ACTIVE,E000889,true,48887,8000008887
E008888,Emp08888,User08888,employee08888@example.com,9000008888,2024-08-15,Marketing,Developer,USD,ACTIVE,E000889,true,48888,8000008888
E008889,Emp08889,User08889,employee08889@example.com,9000008889,2024-08-16,Operations,Specialist,USD,ACTIVE,E000889,true,48889,8000008889
E008890,Emp08890,User08890,employee08890@example.com,9000008890,2024-08-17,Engineering,Software Engineer,USD,ACTIVE,E000889,true,48890,8000008890
E008891,Emp08891,User08891,employee08891@example.com,9000008891,2024-08-18,Finance,Analyst,USD,ACTIVE,E000890,true,48891,8000008891
E008892,Emp08892,User08892,employee08892@example.com,9000008892,2024-08-19,HR,Manager,USD,ACTIVE,E000890,true,48892,8000008892
E008893,Emp08893,User08893,employee08893@example.com,9000008893,2024-08-20,Marketing,Developer,USD,ACTIVE,E000890,true,48893,8000008893
E008894,Emp08894,User08894,employee08894@example.com,9000008894,2024-08-21,Operations,Specialist,USD,ACTIVE,E000890,true,48894,8000008894
E008895,Emp08895,User08895,employee08895@example.com,9000008895,2024-08-22,Engineering,Software Engineer,USD,ACTIVE,E000890,true,48895,8000008895
E008896,Emp08896,User08896,employee08896@example.com,9000008896,2024-08-23,Finance,Analyst,USD,ACTIVE,E000890,true,48896,8000008896
E008897,Emp08897,User08897,employee08897@example.com,9000008897,2024-08-24,HR,Manager,USD,ACTIVE,E000890,true,48897,8000008897
E008898,Emp08898,User08898,employee08898@example.com,9000008898,2024-08-25,Marketing,Developer,USD,ACTIVE,E000890,true,48898,8000008898
E008899,Emp08899,User08899,employee08899@example.com,9000008899,2024-08-26,Operations,Specialist,USD,ACTIVE,E000890,true,48899,8000008899
E008900,Emp08900,User08900,employee08900@example.com,9000008900,2024-08-27,Engineering,Software Engineer,USD,ACTIVE,E000890,true,48900,8000008900
E008901,Emp08901,User08901,employee08901@example.com,9000008901,2024-08-28,Finance,Analyst,USD,ACTIVE,E000891,true,48901,8000008901
E008902,Emp08902,User08902,employee08902@example.com,9000008902,2024-08-29,HR,Manager,USD,ACTIVE,E000891,true,48902,8000008902
E008903,Emp08903,User08903,employee08903@example.com,9000008903,2024-08-30,Marketing,Developer,USD,ACTIVE,E000891,true,48903,8000008903
E008904,Emp08904,User08904,employee08904@example.com,9000008904,2024-08-31,Operations,Specialist,USD,ACTIVE,E000891,true,48904,8000008904
E008905,Emp08905,User08905,employee08905@example.com,9000008905,2024-09-01,Engineering,Software Engineer,USD,ACTIVE,E000891,true,48905,8000008905
E008906,Emp08906,User08906,employee08906@example.com,9000008906,2024-09-02,Finance,Analyst,USD,ACTIVE,E000891,true,48906,8000008906
E008907,Emp08907,User08907,employee08907@example.com,9000008907,2024-09-03,HR,Manager,USD,ACTIVE,E000891,true,48907,8000008907
E008908,Emp08908,User08908,employee08908@example.com,9000008908,2024-09-04,Marketing,Developer,USD,ACTIVE,E000891,true,48908,8000008908
E008909,Emp08909,User08909,employee08909@example.com,9000008909,2024-09-05,Operations,Specialist,USD,ACTIVE,E000891,true,48909,8000008909
E008910,Emp08910,User08910,employee08910@example.com,9000008910,2024-09-06,Engineering,Software Engineer,USD,ACTIVE,E000891,true,48910,8000008910
E008911,Emp08911,User08911,employee08911@example.com,9000008911,2024-09-07,Finance,Analyst,USD,ACTIVE,E000892,true,48911,8000008911
E008912,Emp08912,User08912,employee08912@example.com,9000008912,2024-09-08,HR,Manager,USD,ACTIVE,E000892,true,48912,8000008912
E008913,Emp08913,User08913,employee08913@example.com,9000008913,2024-09-09,Marketing,Developer,USD,ACTIVE,E000892,true,48913,8000008913
E008914,Emp08914,User08914,employee08914@example.com,9000008914,2024-09-10,Operations,Specialist,USD,ACTIVE,E000892,true,48914,8000008914
E008915,Emp08915,User08915,employee08915@example.com,9000008915,2024-09-11,Engineering,Software Engineer,USD,ACTIVE,E000892,true,48915,8000008915
E008916,Emp08916,User08916,employee08916@example.com,9000008916,2024-09-12,Finance,Analyst,USD,ACTIVE,E000892,true,48916,8000008916
E008917,Emp08917,User08917,employee08917@example.com,9000008917,2024-09-13,HR,Manager,USD,ACTIVE,E000892,true,48917,8000008917
E008918,Emp08918,User08918,employee08918@example.com,9000008918,2024-09-14,Marketing,Developer,USD,ACTIVE,E000892,true,48918,8000008918
E008919,Emp08919,User08919,employee08919@example.com,9000008919,2024-09-15,Operations,Specialist,USD,ACTIVE,E000892,true,48919,8000008919
E008920,Emp08920,User08920,employee08920@example.com,9000008920,2024-09-16,Engineering,Software Engineer,USD,ACTIVE,E000892,true,48920,8000008920
E008921,Emp08921,User08921,employee08921@example.com,9000008921,2024-09-17,Finance,Analyst,USD,ACTIVE,E000893,true,48921,8000008921
E008922,Emp08922,User08922,employee08922@example.com,9000008922,2024-09-18,HR,Manager,USD,ACTIVE,E000893,true,48922,8000008922
E008923,Emp08923,User08923,employee08923@example.com,9000008923,2024-09-19,Marketing,Developer,USD,ACTIVE,E000893,true,48923,8000008923
E008924,Emp08924,User08924,employee08924@example.com,9000008924,2024-09-20,Operations,Specialist,USD,ACTIVE,E000893,true,48924,8000008924
E008925,Emp08925,User08925,employee08925@example.com,9000008925,2024-09-21,Engineering,Software Engineer,USD,ACTIVE,E000893,true,48925,8000008925
E008926,Emp08926,User08926,employee08926@example.com,9000008926,2024-09-22,Finance,Analyst,USD,ACTIVE,E000893,true,48926,8000008926
E008927,Emp08927,User08927,employee08927@example.com,9000008927,2024-09-23,HR,Manager,USD,ACTIVE,E000893,true,48927,8000008927
E008928,Emp08928,User08928,employee08928@example.com,9000008928,2024-09-24,Marketing,Developer,USD,ACTIVE,E000893,true,48928,8000008928
E008929,Emp08929,User08929,employee08929@example.com,9000008929,2024-09-25,Operations,Specialist,USD,ACTIVE,E000893,true,48929,8000008929
E008930,Emp08930,User08930,employee08930@example.com,9000008930,2024-09-26,Engineering,Software Engineer,USD,ACTIVE,E000893,true,48930,8000008930
E008931,Emp08931,User08931,employee08931@example.com,9000008931,2024-09-27,Finance,Analyst,USD,ACTIVE,E000894,true,48931,8000008931
E008932,Emp08932,User08932,employee08932@example.com,9000008932,2024-09-28,HR,Manager,USD,ACTIVE,E000894,true,48932,8000008932
E008933,Emp08933,User08933,employee08933@example.com,9000008933,2024-09-29,Marketing,Developer,USD,ACTIVE,E000894,true,48933,8000008933
E008934,Emp08934,User08934,employee08934@example.com,9000008934,2024-09-30,Operations,Specialist,USD,ACTIVE,E000894,true,48934,8000008934
E008935,Emp08935,User08935,employee08935@example.com,9000008935,2024-10-01,Engineering,Software Engineer,USD,ACTIVE,E000894,true,48935,8000008935
E008936,Emp08936,User08936,employee08936@example.com,9000008936,2024-10-02,Finance,Analyst,USD,ACTIVE,E000894,true,48936,8000008936
E008937,Emp08937,User08937,employee08937@example.com,9000008937,2024-10-03,HR,Manager,USD,ACTIVE,E000894,true,48937,8000008937
E008938,Emp08938,User08938,employee08938@example.com,9000008938,2024-10-04,Marketing,Developer,USD,ACTIVE,E000894,true,48938,8000008938
E008939,Emp08939,User08939,employee08939@example.com,9000008939,2024-10-05,Operations,Specialist,USD,ACTIVE,E000894,true,48939,8000008939
E008940,Emp08940,User08940,employee08940@example.com,9000008940,2024-10-06,Engineering,Software Engineer,USD,ACTIVE,E000894,true,48940,8000008940
E008941,Emp08941,User08941,employee08941@example.com,9000008941,2024-10-07,Finance,Analyst,USD,ACTIVE,E000895,true,48941,8000008941
E008942,Emp08942,User08942,employee08942@example.com,9000008942,2024-10-08,HR,Manager,USD,ACTIVE,E000895,true,48942,8000008942
E008943,Emp08943,User08943,employee08943@example.com,9000008943,2024-10-09,Marketing,Developer,USD,ACTIVE,E000895,true,48943,8000008943
E008944,Emp08944,User08944,employee08944@example.com,9000008944,2024-10-10,Operations,Specialist,USD,ACTIVE,E000895,true,48944,8000008944
E008945,Emp08945,User08945,employee08945@example.com,9000008945,2024-10-11,Engineering,Software Engineer,USD,ACTIVE,E000895,true,48945,8000008945
E008946,Emp08946,User08946,employee08946@example.com,9000008946,2024-10-12,Finance,Analyst,USD,ACTIVE,E000895,true,48946,8000008946
E008947,Emp08947,User08947,employee08947@example.com,9000008947,2024-10-13,HR,Manager,USD,ACTIVE,E000895,true,48947,8000008947
E008948,Emp08948,User08948,employee08948@example.com,9000008948,2024-10-14,Marketing,Developer,USD,ACTIVE,E000895,true,48948,8000008948
E008949,Emp08949,User08949,employee08949@example.com,9000008949,2024-10-15,Operations,Specialist,USD,ACTIVE,E000895,true,48949,8000008949
E008950,Emp08950,User08950,employee08950@example.com,9000008950,2024-10-16,Engineering,Software Engineer,USD,ACTIVE,E000895,true,48950,8000008950
E008951,Emp08951,User08951,employee08951@example.com,9000008951,2024-10-17,Finance,Analyst,USD,ACTIVE,E000896,true,48951,8000008951
E008952,Emp08952,User08952,employee08952@example.com,9000008952,2024-10-18,HR,Manager,USD,ACTIVE,E000896,true,48952,8000008952
E008953,Emp08953,User08953,employee08953@example.com,9000008953,2024-10-19,Marketing,Developer,USD,ACTIVE,E000896,true,48953,8000008953
E008954,Emp08954,User08954,employee08954@example.com,9000008954,2024-10-20,Operations,Specialist,USD,ACTIVE,E000896,true,48954,8000008954
E008955,Emp08955,User08955,employee08955@example.com,9000008955,2024-10-21,Engineering,Software Engineer,USD,ACTIVE,E000896,true,48955,8000008955
E008956,Emp08956,User08956,employee08956@example.com,9000008956,2024-10-22,Finance,Analyst,USD,ACTIVE,E000896,true,48956,8000008956
E008957,Emp08957,User08957,employee08957@example.com,9000008957,2024-10-23,HR,Manager,USD,ACTIVE,E000896,true,48957,8000008957
E008958,Emp08958,User08958,employee08958@example.com,9000008958,2024-10-24,Marketing,Developer,USD,ACTIVE,E000896,true,48958,8000008958
E008959,Emp08959,User08959,employee08959@example.com,9000008959,2024-10-25,Operations,Specialist,USD,ACTIVE,E000896,true,48959,8000008959
E008960,Emp08960,User08960,employee08960@example.com,9000008960,2024-10-26,Engineering,Software Engineer,USD,ACTIVE,E000896,true,48960,8000008960
E008961,Emp08961,User08961,employee08961@example.com,9000008961,2024-10-27,Finance,Analyst,USD,ACTIVE,E000897,true,48961,8000008961
E008962,Emp08962,User08962,employee08962@example.com,9000008962,2024-10-28,HR,Manager,USD,ACTIVE,E000897,true,48962,8000008962
E008963,Emp08963,User08963,employee08963@example.com,9000008963,2024-10-29,Marketing,Developer,USD,ACTIVE,E000897,true,48963,8000008963
E008964,Emp08964,User08964,employee08964@example.com,9000008964,2024-10-30,Operations,Specialist,USD,ACTIVE,E000897,true,48964,8000008964
E008965,Emp08965,User08965,employee08965@example.com,9000008965,2024-10-31,Engineering,Software Engineer,USD,ACTIVE,E000897,true,48965,8000008965
E008966,Emp08966,User08966,employee08966@example.com,9000008966,2024-11-01,Finance,Analyst,USD,ACTIVE,E000897,true,48966,8000008966
E008967,Emp08967,User08967,employee08967@example.com,9000008967,2024-11-02,HR,Manager,USD,ACTIVE,E000897,true,48967,8000008967
E008968,Emp08968,User08968,employee08968@example.com,9000008968,2024-11-03,Marketing,Developer,USD,ACTIVE,E000897,true,48968,8000008968
E008969,Emp08969,User08969,employee08969@example.com,9000008969,2024-11-04,Operations,Specialist,USD,ACTIVE,E000897,true,48969,8000008969
E008970,Emp08970,User08970,employee08970@example.com,9000008970,2024-11-05,Engineering,Software Engineer,USD,ACTIVE,E000897,true,48970,8000008970
E008971,Emp08971,User08971,employee08971@example.com,9000008971,2024-11-06,Finance,Analyst,USD,ACTIVE,E000898,true,48971,8000008971
E008972,Emp08972,User08972,employee08972@example.com,9000008972,2024-11-07,HR,Manager,USD,ACTIVE,E000898,true,48972,8000008972
E008973,Emp08973,User08973,employee08973@example.com,9000008973,2024-11-08,Marketing,Developer,USD,ACTIVE,E000898,true,48973,8000008973
E008974,Emp08974,User08974,employee08974@example.com,9000008974,2024-11-09,Operations,Specialist,USD,ACTIVE,E000898,true,48974,8000008974
E008975,Emp08975,User08975,employee08975@example.com,9000008975,2024-11-10,Engineering,Software Engineer,USD,ACTIVE,E000898,true,48975,8000008975
E008976,Emp08976,User08976,employee08976@example.com,9000008976,2024-11-11,Finance,Analyst,USD,ACTIVE,E000898,true,48976,8000008976
E008977,Emp08977,User08977,employee08977@example.com,9000008977,2024-11-12,HR,Manager,USD,ACTIVE,E000898,true,48977,8000008977
E008978,Emp08978,User08978,employee08978@example.com,9000008978,2024-11-13,Marketing,Developer,USD,ACTIVE,E000898,true,48978,8000008978
E008979,Emp08979,User08979,employee08979@example.com,9000008979,2024-11-14,Operations,Specialist,USD,ACTIVE,E000898,true,48979,8000008979
E008980,Emp08980,User08980,employee08980@example.com,9000008980,2024-11-15,Engineering,Software Engineer,USD,ACTIVE,E000898,true,48980,8000008980
E008981,Emp08981,User08981,employee08981@example.com,9000008981,2024-11-16,Finance,Analyst,USD,ACTIVE,E000899,true,48981,8000008981
E008982,Emp08982,User08982,employee08982@example.com,9000008982,2024-11-17,HR,Manager,USD,ACTIVE,E000899,true,48982,8000008982
E008983,Emp08983,User08983,employee08983@example.com,9000008983,2024-11-18,Marketing,Developer,USD,ACTIVE,E000899,true,48983,8000008983
E008984,Emp08984,User08984,employee08984@example.com,9000008984,2024-11-19,Operations,Specialist,USD,ACTIVE,E000899,true,48984,8000008984
E008985,Emp08985,User08985,employee08985@example.com,9000008985,2024-11-20,Engineering,Software Engineer,USD,ACTIVE,E000899,true,48985,8000008985
E008986,Emp08986,User08986,employee08986@example.com,9000008986,2024-11-21,Finance,Analyst,USD,ACTIVE,E000899,true,48986,8000008986
E008987,Emp08987,User08987,employee08987@example.com,9000008987,2024-11-22,HR,Manager,USD,ACTIVE,E000899,true,48987,8000008987
E008988,Emp08988,User08988,employee08988@example.com,9000008988,2024-11-23,Marketing,Developer,USD,ACTIVE,E000899,true,48988,8000008988
E008989,Emp08989,User08989,employee08989@example.com,9000008989,2024-11-24,Operations,Specialist,USD,ACTIVE,E000899,true,48989,8000008989
E008990,Emp08990,User08990,employee08990@example.com,9000008990,2024-11-25,Engineering,Software Engineer,USD,ACTIVE,E000899,true,48990,8000008990
E008991,Emp08991,User08991,employee08991@example.com,9000008991,2024-11-26,Finance,Analyst,USD,ACTIVE,E000900,true,48991,8000008991
E008992,Emp08992,User08992,employee08992@example.com,9000008992,2024-11-27,HR,Manager,USD,ACTIVE,E000900,true,48992,8000008992
E008993,Emp08993,User08993,employee08993@example.com,9000008993,2024-11-28,Marketing,Developer,USD,ACTIVE,E000900,true,48993,8000008993
E008994,Emp08994,User08994,employee08994@example.com,9000008994,2024-11-29,Operations,Specialist,USD,ACTIVE,E000900,true,48994,8000008994
E008995,Emp08995,User08995,employee08995@example.com,9000008995,2024-11-30,Engineering,Software Engineer,USD,ACTIVE,E000900,true,48995,8000008995
E008996,Emp08996,User08996,employee08996@example.com,9000008996,2024-12-01,Finance,Analyst,USD,ACTIVE,E000900,true,48996,8000008996
E008997,Emp08997,User08997,employee08997@example.com,9000008997,2024-12-02,HR,Manager,USD,ACTIVE,E000900,true,48997,8000008997
E008998,Emp08998,User08998,employee08998@example.com,9000008998,2024-12-03,Marketing,Developer,USD,ACTIVE,E000900,true,48998,8000008998
E008999,Emp08999,User08999,employee08999@example.com,9000008999,2024-12-04,Operations,Specialist,USD,ACTIVE,E000900,true,48999,8000008999
E009000,Emp09000,User09000,employee09000@example.com,9000009000,2020-01-01,Engineering,Software Engineer,USD,ACTIVE,E000900,true,49000,8000009000
E009001,Emp09001,User09001,employee09001@example.com,9000009001,2020-01-02,Finance,Analyst,USD,ACTIVE,E000901,true,49001,8000009001
E009002,Emp09002,User09002,employee09002@example.com,9000009002,2020-01-03,HR,Manager,USD,ACTIVE,E000901,true,49002,8000009002
E009003,Emp09003,User09003,employee09003@example.com,9000009003,2020-01-04,Marketing,Developer,USD,ACTIVE,E000901,true,49003,8000009003
E009004,Emp09004,User09004,employee09004@example.com,9000009004,2020-01-05,Operations,Specialist,USD,ACTIVE,E000901,true,49004,8000009004
E009005,Emp09005,User09005,employee09005@example.com,9000009005,2020-01-06,Engineering,Software Engineer,USD,ACTIVE,E000901,true,49005,8000009005
E009006,Emp09006,User09006,employee09006@example.com,9000009006,2020-01-07,Finance,Analyst,USD,ACTIVE,E000901,true,49006,8000009006
E009007,Emp09007,User09007,employee09007@example.com,9000009007,2020-01-08,HR,Manager,USD,ACTIVE,E000901,true,49007,8000009007
E009008,Emp09008,User09008,employee09008@example.com,9000009008,2020-01-09,Marketing,Developer,USD,ACTIVE,E000901,true,49008,8000009008
E009009,Emp09009,User09009,employee09009@example.com,9000009009,2020-01-10,Operations,Specialist,USD,ACTIVE,E000901,true,49009,8000009009
E009010,Emp09010,User09010,employee09010@example.com,9000009010,2020-01-11,Engineering,Software Engineer,USD,ACTIVE,E000901,true,49010,8000009010
E009011,Emp09011,User09011,employee09011@example.com,9000009011,2020-01-12,Finance,Analyst,USD,ACTIVE,E000902,true,49011,8000009011
E009012,Emp09012,User09012,employee09012@example.com,9000009012,2020-01-13,HR,Manager,USD,ACTIVE,E000902,true,49012,8000009012
E009013,Emp09013,User09013,employee09013@example.com,9000009013,2020-01-14,Marketing,Developer,USD,ACTIVE,E000902,true,49013,8000009013
E009014,Emp09014,User09014,employee09014@example.com,9000009014,2020-01-15,Operations,Specialist,USD,ACTIVE,E000902,true,49014,8000009014
E009015,Emp09015,User09015,employee09015@example.com,9000009015,2020-01-16,Engineering,Software Engineer,USD,ACTIVE,E000902,true,49015,8000009015
E009016,Emp09016,User09016,employee09016@example.com,9000009016,2020-01-17,Finance,Analyst,USD,ACTIVE,E000902,true,49016,8000009016
E009017,Emp09017,User09017,employee09017@example.com,9000009017,2020-01-18,HR,Manager,USD,ACTIVE,E000902,true,49017,8000009017
E009018,Emp09018,User09018,employee09018@example.com,9000009018,2020-01-19,Marketing,Developer,USD,ACTIVE,E000902,true,49018,8000009018
E009019,Emp09019,User09019,employee09019@example.com,9000009019,2020-01-20,Operations,Specialist,USD,ACTIVE,E000902,true,49019,8000009019
E009020,Emp09020,User09020,employee09020@example.com,9000009020,2020-01-21,Engineering,Software Engineer,USD,ACTIVE,E000902,true,49020,8000009020
E009021,Emp09021,User09021,employee09021@example.com,9000009021,2020-01-22,Finance,Analyst,USD,ACTIVE,E000903,true,49021,8000009021
E009022,Emp09022,User09022,employee09022@example.com,9000009022,2020-01-23,HR,Manager,USD,ACTIVE,E000903,true,49022,8000009022
E009023,Emp09023,User09023,employee09023@example.com,9000009023,2020-01-24,Marketing,Developer,USD,ACTIVE,E000903,true,49023,8000009023
E009024,Emp09024,User09024,employee09024@example.com,9000009024,2020-01-25,Operations,Specialist,USD,ACTIVE,E000903,true,49024,8000009024
E009025,Emp09025,User09025,employee09025@example.com,9000009025,2020-01-26,Engineering,Software Engineer,USD,ACTIVE,E000903,true,49025,8000009025
E009026,Emp09026,User09026,employee09026@example.com,9000009026,2020-01-27,Finance,Analyst,USD,ACTIVE,E000903,true,49026,8000009026
E009027,Emp09027,User09027,employee09027@example.com,9000009027,2020-01-28,HR,Manager,USD,ACTIVE,E000903,true,49027,8000009027
E009028,Emp09028,User09028,employee09028@example.com,9000009028,2020-01-29,Marketing,Developer,USD,ACTIVE,E000903,true,49028,8000009028
E009029,Emp09029,User09029,employee09029@example.com,9000009029,2020-01-30,Operations,Specialist,USD,ACTIVE,E000903,true,49029,8000009029
E009030,Emp09030,User09030,employee09030@example.com,9000009030,2020-01-31,Engineering,Software Engineer,USD,ACTIVE,E000903,true,49030,8000009030
E009031,Emp09031,User09031,employee09031@example.com,9000009031,2020-02-01,Finance,Analyst,USD,ACTIVE,E000904,true,49031,8000009031
E009032,Emp09032,User09032,employee09032@example.com,9000009032,2020-02-02,HR,Manager,USD,ACTIVE,E000904,true,49032,8000009032
E009033,Emp09033,User09033,employee09033@example.com,9000009033,2020-02-03,Marketing,Developer,USD,ACTIVE,E000904,true,49033,8000009033
E009034,Emp09034,User09034,employee09034@example.com,9000009034,2020-02-04,Operations,Specialist,USD,ACTIVE,E000904,true,49034,8000009034
E009035,Emp09035,User09035,employee09035@example.com,9000009035,2020-02-05,Engineering,Software Engineer,USD,ACTIVE,E000904,true,49035,8000009035
E009036,Emp09036,User09036,employee09036@example.com,9000009036,2020-02-06,Finance,Analyst,USD,ACTIVE,E000904,true,49036,8000009036
E009037,Emp09037,User09037,employee09037@example.com,9000009037,2020-02-07,HR,Manager,USD,ACTIVE,E000904,true,49037,8000009037
E009038,Emp09038,User09038,employee09038@example.com,9000009038,2020-02-08,Marketing,Developer,USD,ACTIVE,E000904,true,49038,8000009038
E009039,Emp09039,User09039,employee09039@example.com,9000009039,2020-02-09,Operations,Specialist,USD,ACTIVE,E000904,true,49039,8000009039
E009040,Emp09040,User09040,employee09040@example.com,9000009040,2020-02-10,Engineering,Software Engineer,USD,ACTIVE,E000904,true,49040,8000009040
E009041,Emp09041,User09041,employee09041@example.com,9000009041,2020-02-11,Finance,Analyst,USD,ACTIVE,E000905,true,49041,8000009041
E009042,Emp09042,User09042,employee09042@example.com,9000009042,2020-02-12,HR,Manager,USD,ACTIVE,E000905,true,49042,8000009042
E009043,Emp09043,User09043,employee09043@example.com,9000009043,2020-02-13,Marketing,Developer,USD,ACTIVE,E000905,true,49043,8000009043
E009044,Emp09044,User09044,employee09044@example.com,9000009044,2020-02-14,Operations,Specialist,USD,ACTIVE,E000905,true,49044,8000009044
E009045,Emp09045,User09045,employee09045@example.com,9000009045,2020-02-15,Engineering,Software Engineer,USD,ACTIVE,E000905,true,49045,8000009045
E009046,Emp09046,User09046,employee09046@example.com,9000009046,2020-02-16,Finance,Analyst,USD,ACTIVE,E000905,true,49046,8000009046
E009047,Emp09047,User09047,employee09047@example.com,9000009047,2020-02-17,HR,Manager,USD,ACTIVE,E000905,true,49047,8000009047
E009048,Emp09048,User09048,employee09048@example.com,9000009048,2020-02-18,Marketing,Developer,USD,ACTIVE,E000905,true,49048,8000009048
E009049,Emp09049,User09049,employee09049@example.com,9000009049,2020-02-19,Operations,Specialist,USD,ACTIVE,E000905,true,49049,8000009049
E009050,Emp09050,User09050,employee09050@example.com,9000009050,2020-02-20,Engineering,Software Engineer,USD,ACTIVE,E000905,true,49050,8000009050
E009051,Emp09051,User09051,employee09051@example.com,9000009051,2020-02-21,Finance,Analyst,USD,ACTIVE,E000906,true,49051,8000009051
E009052,Emp09052,User09052,employee09052@example.com,9000009052,2020-02-22,HR,Manager,USD,ACTIVE,E000906,true,49052,8000009052
E009053,Emp09053,User09053,employee09053@example.com,9000009053,2020-02-23,Marketing,Developer,USD,ACTIVE,E000906,true,49053,8000009053
E009054,Emp09054,User09054,employee09054@example.com,9000009054,2020-02-24,Operations,Specialist,USD,ACTIVE,E000906,true,49054,8000009054
E009055,Emp09055,User09055,employee09055@example.com,9000009055,2020-02-25,Engineering,Software Engineer,USD,ACTIVE,E000906,true,49055,8000009055
E009056,Emp09056,User09056,employee09056@example.com,9000009056,2020-02-26,Finance,Analyst,USD,ACTIVE,E000906,true,49056,8000009056
E009057,Emp09057,User09057,employee09057@example.com,9000009057,2020-02-27,HR,Manager,USD,ACTIVE,E000906,true,49057,8000009057
E009058,Emp09058,User09058,employee09058@example.com,9000009058,2020-02-28,Marketing,Developer,USD,ACTIVE,E000906,true,49058,8000009058
E009059,Emp09059,User09059,employee09059@example.com,9000009059,2020-02-29,Operations,Specialist,USD,ACTIVE,E000906,true,49059,8000009059
E009060,Emp09060,User09060,employee09060@example.com,9000009060,2020-03-01,Engineering,Software Engineer,USD,ACTIVE,E000906,true,49060,8000009060
E009061,Emp09061,User09061,employee09061@example.com,9000009061,2020-03-02,Finance,Analyst,USD,ACTIVE,E000907,true,49061,8000009061
E009062,Emp09062,User09062,employee09062@example.com,9000009062,2020-03-03,HR,Manager,USD,ACTIVE,E000907,true,49062,8000009062
E009063,Emp09063,User09063,employee09063@example.com,9000009063,2020-03-04,Marketing,Developer,USD,ACTIVE,E000907,true,49063,8000009063
E009064,Emp09064,User09064,employee09064@example.com,9000009064,2020-03-05,Operations,Specialist,USD,ACTIVE,E000907,true,49064,8000009064
E009065,Emp09065,User09065,employee09065@example.com,9000009065,2020-03-06,Engineering,Software Engineer,USD,ACTIVE,E000907,true,49065,8000009065
E009066,Emp09066,User09066,employee09066@example.com,9000009066,2020-03-07,Finance,Analyst,USD,ACTIVE,E000907,true,49066,8000009066
E009067,Emp09067,User09067,employee09067@example.com,9000009067,2020-03-08,HR,Manager,USD,ACTIVE,E000907,true,49067,8000009067
E009068,Emp09068,User09068,employee09068@example.com,9000009068,2020-03-09,Marketing,Developer,USD,ACTIVE,E000907,true,49068,8000009068
E009069,Emp09069,User09069,employee09069@example.com,9000009069,2020-03-10,Operations,Specialist,USD,ACTIVE,E000907,true,49069,8000009069
E009070,Emp09070,User09070,employee09070@example.com,9000009070,2020-03-11,Engineering,Software Engineer,USD,ACTIVE,E000907,true,49070,8000009070
E009071,Emp09071,User09071,employee09071@example.com,9000009071,2020-03-12,Finance,Analyst,USD,ACTIVE,E000908,true,49071,8000009071
E009072,Emp09072,User09072,employee09072@example.com,9000009072,2020-03-13,HR,Manager,USD,ACTIVE,E000908,true,49072,8000009072
E009073,Emp09073,User09073,employee09073@example.com,9000009073,2020-03-14,Marketing,Developer,USD,ACTIVE,E000908,true,49073,8000009073
E009074,Emp09074,User09074,employee09074@example.com,9000009074,2020-03-15,Operations,Specialist,USD,ACTIVE,E000908,true,49074,8000009074
E009075,Emp09075,User09075,employee09075@example.com,9000009075,2020-03-16,Engineering,Software Engineer,USD,ACTIVE,E000908,true,49075,8000009075
E009076,Emp09076,User09076,employee09076@example.com,9000009076,2020-03-17,Finance,Analyst,USD,ACTIVE,E000908,true,49076,8000009076
E009077,Emp09077,User09077,employee09077@example.com,9000009077,2020-03-18,HR,Manager,USD,ACTIVE,E000908,true,49077,8000009077
E009078,Emp09078,User09078,employee09078@example.com,9000009078,2020-03-19,Marketing,Developer,USD,ACTIVE,E000908,true,49078,8000009078
E009079,Emp09079,User09079,employee09079@example.com,9000009079,2020-03-20,Operations,Specialist,USD,ACTIVE,E000908,true,49079,8000009079
E009080,Emp09080,User09080,employee09080@example.com,9000009080,2020-03-21,Engineering,Software Engineer,USD,ACTIVE,E000908,true,49080,8000009080
E009081,Emp09081,User09081,employee09081@example.com,9000009081,2020-03-22,Finance,Analyst,USD,ACTIVE,E000909,true,49081,8000009081
E009082,Emp09082,User09082,employee09082@example.com,9000009082,2020-03-23,HR,Manager,USD,ACTIVE,E000909,true,49082,8000009082
E009083,Emp09083,User09083,employee09083@example.com,9000009083,2020-03-24,Marketing,Developer,USD,ACTIVE,E000909,true,49083,8000009083
E009084,Emp09084,User09084,employee09084@example.com,9000009084,2020-03-25,Operations,Specialist,USD,ACTIVE,E000909,true,49084,8000009084
E009085,Emp09085,User09085,employee09085@example.com,9000009085,2020-03-26,Engineering,Software Engineer,USD,ACTIVE,E000909,true,49085,8000009085
E009086,Emp09086,User09086,employee09086@example.com,9000009086,2020-03-27,Finance,Analyst,USD,ACTIVE,E000909,true,49086,8000009086
E009087,Emp09087,User09087,employee09087@example.com,9000009087,2020-03-28,HR,Manager,USD,ACTIVE,E000909,true,49087,8000009087
E009088,Emp09088,User09088,employee09088@example.com,9000009088,2020-03-29,Marketing,Developer,USD,ACTIVE,E000909,true,49088,8000009088
E009089,Emp09089,User09089,employee09089@example.com,9000009089,2020-03-30,Operations,Specialist,USD,ACTIVE,E000909,true,49089,8000009089
E009090,Emp09090,User09090,employee09090@example.com,9000009090,2020-03-31,Engineering,Software Engineer,USD,ACTIVE,E000909,true,49090,8000009090
E009091,Emp09091,User09091,employee09091@example.com,9000009091,2020-04-01,Finance,Analyst,USD,ACTIVE,E000910,true,49091,8000009091
E009092,Emp09092,User09092,employee09092@example.com,9000009092,2020-04-02,HR,Manager,USD,ACTIVE,E000910,true,49092,8000009092
E009093,Emp09093,User09093,employee09093@example.com,9000009093,2020-04-03,Marketing,Developer,USD,ACTIVE,E000910,true,49093,8000009093
E009094,Emp09094,User09094,employee09094@example.com,9000009094,2020-04-04,Operations,Specialist,USD,ACTIVE,E000910,true,49094,8000009094
E009095,Emp09095,User09095,employee09095@example.com,9000009095,2020-04-05,Engineering,Software Engineer,USD,ACTIVE,E000910,true,49095,8000009095
E009096,Emp09096,User09096,employee09096@example.com,9000009096,2020-04-06,Finance,Analyst,USD,ACTIVE,E000910,true,49096,8000009096
E009097,Emp09097,User09097,employee09097@example.com,9000009097,2020-04-07,HR,Manager,USD,ACTIVE,E000910,true,49097,8000009097
E009098,Emp09098,User09098,employee09098@example.com,9000009098,2020-04-08,Marketing,Developer,USD,ACTIVE,E000910,true,49098,8000009098
E009099,Emp09099,User09099,employee09099@example.com,9000009099,2020-04-09,Operations,Specialist,USD,ACTIVE,E000910,true,49099,8000009099
E009100,Emp09100,User09100,employee09100@example.com,9000009100,2020-04-10,Engineering,Software Engineer,USD,ACTIVE,E000910,true,49100,8000009100
E009101,Emp09101,User09101,employee09101@example.com,9000009101,2020-04-11,Finance,Analyst,USD,ACTIVE,E000911,true,49101,8000009101
E009102,Emp09102,User09102,employee09102@example.com,9000009102,2020-04-12,HR,Manager,USD,ACTIVE,E000911,true,49102,8000009102
E009103,Emp09103,User09103,employee09103@example.com,9000009103,2020-04-13,Marketing,Developer,USD,ACTIVE,E000911,true,49103,8000009103
E009104,Emp09104,User09104,employee09104@example.com,9000009104,2020-04-14,Operations,Specialist,USD,ACTIVE,E000911,true,49104,8000009104
E009105,Emp09105,User09105,employee09105@example.com,9000009105,2020-04-15,Engineering,Software Engineer,USD,ACTIVE,E000911,true,49105,8000009105
E009106,Emp09106,User09106,employee09106@example.com,9000009106,2020-04-16,Finance,Analyst,USD,ACTIVE,E000911,true,49106,8000009106
E009107,Emp09107,User09107,employee09107@example.com,9000009107,2020-04-17,HR,Manager,USD,ACTIVE,E000911,true,49107,8000009107
E009108,Emp09108,User09108,employee09108@example.com,9000009108,2020-04-18,Marketing,Developer,USD,ACTIVE,E000911,true,49108,8000009108
E009109,Emp09109,User09109,employee09109@example.com,9000009109,2020-04-19,Operations,Specialist,USD,ACTIVE,E000911,true,49109,8000009109
E009110,Emp09110,User09110,employee09110@example.com,9000009110,2020-04-20,Engineering,Software Engineer,USD,ACTIVE,E000911,true,49110,8000009110
E009111,Emp09111,User09111,employee09111@example.com,9000009111,2020-04-21,Finance,Analyst,USD,ACTIVE,E000912,true,49111,8000009111
E009112,Emp09112,User09112,employee09112@example.com,9000009112,2020-04-22,HR,Manager,USD,ACTIVE,E000912,true,49112,8000009112
E009113,Emp09113,User09113,employee09113@example.com,9000009113,2020-04-23,Marketing,Developer,USD,ACTIVE,E000912,true,49113,8000009113
E009114,Emp09114,User09114,employee09114@example.com,9000009114,2020-04-24,Operations,Specialist,USD,ACTIVE,E000912,true,49114,8000009114
E009115,Emp09115,User09115,employee09115@example.com,9000009115,2020-04-25,Engineering,Software Engineer,USD,ACTIVE,E000912,true,49115,8000009115
E009116,Emp09116,User09116,employee09116@example.com,9000009116,2020-04-26,Finance,Analyst,USD,ACTIVE,E000912,true,49116,8000009116
E009117,Emp09117,User09117,employee09117@example.com,9000009117,2020-04-27,HR,Manager,USD,ACTIVE,E000912,true,49117,8000009117
E009118,Emp09118,User09118,employee09118@example.com,9000009118,2020-04-28,Marketing,Developer,USD,ACTIVE,E000912,true,49118,8000009118
E009119,Emp09119,User09119,employee09119@example.com,9000009119,2020-04-29,Operations,Specialist,USD,ACTIVE,E000912,true,49119,8000009119
E009120,Emp09120,User09120,employee09120@example.com,9000009120,2020-04-30,Engineering,Software Engineer,USD,ACTIVE,E000912,true,49120,8000009120
E009121,Emp09121,User09121,employee09121@example.com,9000009121,2020-05-01,Finance,Analyst,USD,ACTIVE,E000913,true,49121,8000009121
E009122,Emp09122,User09122,employee09122@example.com,9000009122,2020-05-02,HR,Manager,USD,ACTIVE,E000913,true,49122,8000009122
E009123,Emp09123,User09123,employee09123@example.com,9000009123,2020-05-03,Marketing,Developer,USD,ACTIVE,E000913,true,49123,8000009123
E009124,Emp09124,User09124,employee09124@example.com,9000009124,2020-05-04,Operations,Specialist,USD,ACTIVE,E000913,true,49124,8000009124
E009125,Emp09125,User09125,employee09125@example.com,9000009125,2020-05-05,Engineering,Software Engineer,USD,ACTIVE,E000913,true,49125,8000009125
E009126,Emp09126,User09126,employee09126@example.com,9000009126,2020-05-06,Finance,Analyst,USD,ACTIVE,E000913,true,49126,8000009126
E009127,Emp09127,User09127,employee09127@example.com,9000009127,2020-05-07,HR,Manager,USD,ACTIVE,E000913,true,49127,8000009127
E009128,Emp09128,User09128,employee09128@example.com,9000009128,2020-05-08,Marketing,Developer,USD,ACTIVE,E000913,true,49128,8000009128
E009129,Emp09129,User09129,employee09129@example.com,9000009129,2020-05-09,Operations,Specialist,USD,ACTIVE,E000913,true,49129,8000009129
E009130,Emp09130,User09130,employee09130@example.com,9000009130,2020-05-10,Engineering,Software Engineer,USD,ACTIVE,E000913,true,49130,8000009130
E009131,Emp09131,User09131,employee09131@example.com,9000009131,2020-05-11,Finance,Analyst,USD,ACTIVE,E000914,true,49131,8000009131
E009132,Emp09132,User09132,employee09132@example.com,9000009132,2020-05-12,HR,Manager,USD,ACTIVE,E000914,true,49132,8000009132
E009133,Emp09133,User09133,employee09133@example.com,9000009133,2020-05-13,Marketing,Developer,USD,ACTIVE,E000914,true,49133,8000009133
E009134,Emp09134,User09134,employee09134@example.com,9000009134,2020-05-14,Operations,Specialist,USD,ACTIVE,E000914,true,49134,8000009134
E009135,Emp09135,User09135,employee09135@example.com,9000009135,2020-05-15,Engineering,Software Engineer,USD,ACTIVE,E000914,true,49135,8000009135
E009136,Emp09136,User09136,employee09136@example.com,9000009136,2020-05-16,Finance,Analyst,USD,ACTIVE,E000914,true,49136,8000009136
E009137,Emp09137,User09137,employee09137@example.com,9000009137,2020-05-17,HR,Manager,USD,ACTIVE,E000914,true,49137,8000009137
E009138,Emp09138,User09138,employee09138@example.com,9000009138,2020-05-18,Marketing,Developer,USD,ACTIVE,E000914,true,49138,8000009138
E009139,Emp09139,User09139,employee09139@example.com,9000009139,2020-05-19,Operations,Specialist,USD,ACTIVE,E000914,true,49139,8000009139
E009140,Emp09140,User09140,employee09140@example.com,9000009140,2020-05-20,Engineering,Software Engineer,USD,ACTIVE,E000914,true,49140,8000009140
E009141,Emp09141,User09141,employee09141@example.com,9000009141,2020-05-21,Finance,Analyst,USD,ACTIVE,E000915,true,49141,8000009141
E009142,Emp09142,User09142,employee09142@example.com,9000009142,2020-05-22,HR,Manager,USD,ACTIVE,E000915,true,49142,8000009142
E009143,Emp09143,User09143,employee09143@example.com,9000009143,2020-05-23,Marketing,Developer,USD,ACTIVE,E000915,true,49143,8000009143
E009144,Emp09144,User09144,employee09144@example.com,9000009144,2020-05-24,Operations,Specialist,USD,ACTIVE,E000915,true,49144,8000009144
E009145,Emp09145,User09145,employee09145@example.com,9000009145,2020-05-25,Engineering,Software Engineer,USD,ACTIVE,E000915,true,49145,8000009145
E009146,Emp09146,User09146,employee09146@example.com,9000009146,2020-05-26,Finance,Analyst,USD,ACTIVE,E000915,true,49146,8000009146
E009147,Emp09147,User09147,employee09147@example.com,9000009147,2020-05-27,HR,Manager,USD,ACTIVE,E000915,true,49147,8000009147
E009148,Emp09148,User09148,employee09148@example.com,9000009148,2020-05-28,Marketing,Developer,USD,ACTIVE,E000915,true,49148,8000009148
E009149,Emp09149,User09149,employee09149@example.com,9000009149,2020-05-29,Operations,Specialist,USD,ACTIVE,E000915,true,49149,8000009149
E009150,Emp09150,User09150,employee09150@example.com,9000009150,2020-05-30,Engineering,Software Engineer,USD,ACTIVE,E000915,true,49150,8000009150
E009151,Emp09151,User09151,employee09151@example.com,9000009151,2020-05-31,Finance,Analyst,USD,ACTIVE,E000916,true,49151,8000009151
E009152,Emp09152,User09152,employee09152@example.com,9000009152,2020-06-01,HR,Manager,USD,ACTIVE,E000916,true,49152,8000009152
E009153,Emp09153,User09153,employee09153@example.com,9000009153,2020-06-02,Marketing,Developer,USD,ACTIVE,E000916,true,49153,8000009153
E009154,Emp09154,User09154,employee09154@example.com,9000009154,2020-06-03,Operations,Specialist,USD,ACTIVE,E000916,true,49154,8000009154
E009155,Emp09155,User09155,employee09155@example.com,9000009155,2020-06-04,Engineering,Software Engineer,USD,ACTIVE,E000916,true,49155,8000009155
E009156,Emp09156,User09156,employee09156@example.com,9000009156,2020-06-05,Finance,Analyst,USD,ACTIVE,E000916,true,49156,8000009156
E009157,Emp09157,User09157,employee09157@example.com,9000009157,2020-06-06,HR,Manager,USD,ACTIVE,E000916,true,49157,8000009157
E009158,Emp09158,User09158,employee09158@example.com,9000009158,2020-06-07,Marketing,Developer,USD,ACTIVE,E000916,true,49158,8000009158
E009159,Emp09159,User09159,employee09159@example.com,9000009159,2020-06-08,Operations,Specialist,USD,ACTIVE,E000916,true,49159,8000009159
E009160,Emp09160,User09160,employee09160@example.com,9000009160,2020-06-09,Engineering,Software Engineer,USD,ACTIVE,E000916,true,49160,8000009160
E009161,Emp09161,User09161,employee09161@example.com,9000009161,2020-06-10,Finance,Analyst,USD,ACTIVE,E000917,true,49161,8000009161
E009162,Emp09162,User09162,employee09162@example.com,9000009162,2020-06-11,HR,Manager,USD,ACTIVE,E000917,true,49162,8000009162
E009163,Emp09163,User09163,employee09163@example.com,9000009163,2020-06-12,Marketing,Developer,USD,ACTIVE,E000917,true,49163,8000009163
E009164,Emp09164,User09164,employee09164@example.com,9000009164,2020-06-13,Operations,Specialist,USD,ACTIVE,E000917,true,49164,8000009164
E009165,Emp09165,User09165,employee09165@example.com,9000009165,2020-06-14,Engineering,Software Engineer,USD,ACTIVE,E000917,true,49165,8000009165
E009166,Emp09166,User09166,employee09166@example.com,9000009166,2020-06-15,Finance,Analyst,USD,ACTIVE,E000917,true,49166,8000009166
E009167,Emp09167,User09167,employee09167@example.com,9000009167,2020-06-16,HR,Manager,USD,ACTIVE,E000917,true,49167,8000009167
E009168,Emp09168,User09168,employee09168@example.com,9000009168,2020-06-17,Marketing,Developer,USD,ACTIVE,E000917,true,49168,8000009168
E009169,Emp09169,User09169,employee09169@example.com,9000009169,2020-06-18,Operations,Specialist,USD,ACTIVE,E000917,true,49169,8000009169
E009170,Emp09170,User09170,employee09170@example.com,9000009170,2020-06-19,Engineering,Software Engineer,USD,ACTIVE,E000917,true,49170,8000009170
E009171,Emp09171,User09171,employee09171@example.com,9000009171,2020-06-20,Finance,Analyst,USD,ACTIVE,E000918,true,49171,8000009171
E009172,Emp09172,User09172,employee09172@example.com,9000009172,2020-06-21,HR,Manager,USD,ACTIVE,E000918,true,49172,8000009172
E009173,Emp09173,User09173,employee09173@example.com,9000009173,2020-06-22,Marketing,Developer,USD,ACTIVE,E000918,true,49173,8000009173
E009174,Emp09174,User09174,employee09174@example.com,9000009174,2020-06-23,Operations,Specialist,USD,ACTIVE,E000918,true,49174,8000009174
E009175,Emp09175,User09175,employee09175@example.com,9000009175,2020-06-24,Engineering,Software Engineer,USD,ACTIVE,E000918,true,49175,8000009175
E009176,Emp09176,User09176,employee09176@example.com,9000009176,2020-06-25,Finance,Analyst,USD,ACTIVE,E000918,true,49176,8000009176
E009177,Emp09177,User09177,employee09177@example.com,9000009177,2020-06-26,HR,Manager,USD,ACTIVE,E000918,true,49177,8000009177
E009178,Emp09178,User09178,employee09178@example.com,9000009178,2020-06-27,Marketing,Developer,USD,ACTIVE,E000918,true,49178,8000009178
E009179,Emp09179,User09179,employee09179@example.com,9000009179,2020-06-28,Operations,Specialist,USD,ACTIVE,E000918,true,49179,8000009179
E009180,Emp09180,User09180,employee09180@example.com,9000009180,2020-06-29,Engineering,Software Engineer,USD,ACTIVE,E000918,true,49180,8000009180
E009181,Emp09181,User09181,employee09181@example.com,9000009181,2020-06-30,Finance,Analyst,USD,ACTIVE,E000919,true,49181,8000009181
E009182,Emp09182,User09182,employee09182@example.com,9000009182,2020-07-01,HR,Manager,USD,ACTIVE,E000919,true,49182,8000009182
E009183,Emp09183,User09183,employee09183@example.com,9000009183,2020-07-02,Marketing,Developer,USD,ACTIVE,E000919,true,49183,8000009183
E009184,Emp09184,User09184,employee09184@example.com,9000009184,2020-07-03,Operations,Specialist,USD,ACTIVE,E000919,true,49184,8000009184
E009185,Emp09185,User09185,employee09185@example.com,9000009185,2020-07-04,Engineering,Software Engineer,USD,ACTIVE,E000919,true,49185,8000009185
E009186,Emp09186,User09186,employee09186@example.com,9000009186,2020-07-05,Finance,Analyst,USD,ACTIVE,E000919,true,49186,8000009186
E009187,Emp09187,User09187,employee09187@example.com,9000009187,2020-07-06,HR,Manager,USD,ACTIVE,E000919,true,49187,8000009187
E009188,Emp09188,User09188,employee09188@example.com,9000009188,2020-07-07,Marketing,Developer,USD,ACTIVE,E000919,true,49188,8000009188
E009189,Emp09189,User09189,employee09189@example.com,9000009189,2020-07-08,Operations,Specialist,USD,ACTIVE,E000919,true,49189,8000009189
E009190,Emp09190,User09190,employee09190@example.com,9000009190,2020-07-09,Engineering,Software Engineer,USD,ACTIVE,E000919,true,49190,8000009190
E009191,Emp09191,User09191,employee09191@example.com,9000009191,2020-07-10,Finance,Analyst,USD,ACTIVE,E000920,true,49191,8000009191
E009192,Emp09192,User09192,employee09192@example.com,9000009192,2020-07-11,HR,Manager,USD,ACTIVE,E000920,true,49192,8000009192
E009193,Emp09193,User09193,employee09193@example.com,9000009193,2020-07-12,Marketing,Developer,USD,ACTIVE,E000920,true,49193,8000009193
E009194,Emp09194,User09194,employee09194@example.com,9000009194,2020-07-13,Operations,Specialist,USD,ACTIVE,E000920,true,49194,8000009194
E009195,Emp09195,User09195,employee09195@example.com,9000009195,2020-07-14,Engineering,Software Engineer,USD,ACTIVE,E000920,true,49195,8000009195
E009196,Emp09196,User09196,employee09196@example.com,9000009196,2020-07-15,Finance,Analyst,USD,ACTIVE,E000920,true,49196,8000009196
E009197,Emp09197,User09197,employee09197@example.com,9000009197,2020-07-16,HR,Manager,USD,ACTIVE,E000920,true,49197,8000009197
E009198,Emp09198,User09198,employee09198@example.com,9000009198,2020-07-17,Marketing,Developer,USD,ACTIVE,E000920,true,49198,8000009198
E009199,Emp09199,User09199,employee09199@example.com,9000009199,2020-07-18,Operations,Specialist,USD,ACTIVE,E000920,true,49199,8000009199
E009200,Emp09200,User09200,employee09200@example.com,9000009200,2020-07-19,Engineering,Software Engineer,USD,ACTIVE,E000920,true,49200,8000009200
E009201,Emp09201,User09201,employee09201@example.com,9000009201,2020-07-20,Finance,Analyst,USD,ACTIVE,E000921,true,49201,8000009201
E009202,Emp09202,User09202,employee09202@example.com,9000009202,2020-07-21,HR,Manager,USD,ACTIVE,E000921,true,49202,8000009202
E009203,Emp09203,User09203,employee09203@example.com,9000009203,2020-07-22,Marketing,Developer,USD,ACTIVE,E000921,true,49203,8000009203
E009204,Emp09204,User09204,employee09204@example.com,9000009204,2020-07-23,Operations,Specialist,USD,ACTIVE,E000921,true,49204,8000009204
E009205,Emp09205,User09205,employee09205@example.com,9000009205,2020-07-24,Engineering,Software Engineer,USD,ACTIVE,E000921,true,49205,8000009205
E009206,Emp09206,User09206,employee09206@example.com,9000009206,2020-07-25,Finance,Analyst,USD,ACTIVE,E000921,true,49206,8000009206
E009207,Emp09207,User09207,employee09207@example.com,9000009207,2020-07-26,HR,Manager,USD,ACTIVE,E000921,true,49207,8000009207
E009208,Emp09208,User09208,employee09208@example.com,9000009208,2020-07-27,Marketing,Developer,USD,ACTIVE,E000921,true,49208,8000009208
E009209,Emp09209,User09209,employee09209@example.com,9000009209,2020-07-28,Operations,Specialist,USD,ACTIVE,E000921,true,49209,8000009209
E009210,Emp09210,User09210,employee09210@example.com,9000009210,2020-07-29,Engineering,Software Engineer,USD,ACTIVE,E000921,true,49210,8000009210
E009211,Emp09211,User09211,employee09211@example.com,9000009211,2020-07-30,Finance,Analyst,USD,ACTIVE,E000922,true,49211,8000009211
E009212,Emp09212,User09212,employee09212@example.com,9000009212,2020-07-31,HR,Manager,USD,ACTIVE,E000922,true,49212,8000009212
E009213,Emp09213,User09213,employee09213@example.com,9000009213,2020-08-01,Marketing,Developer,USD,ACTIVE,E000922,true,49213,8000009213
E009214,Emp09214,User09214,employee09214@example.com,9000009214,2020-08-02,Operations,Specialist,USD,ACTIVE,E000922,true,49214,8000009214
E009215,Emp09215,User09215,employee09215@example.com,9000009215,2020-08-03,Engineering,Software Engineer,USD,ACTIVE,E000922,true,49215,8000009215
E009216,Emp09216,User09216,employee09216@example.com,9000009216,2020-08-04,Finance,Analyst,USD,ACTIVE,E000922,true,49216,8000009216
E009217,Emp09217,User09217,employee09217@example.com,9000009217,2020-08-05,HR,Manager,USD,ACTIVE,E000922,true,49217,8000009217
E009218,Emp09218,User09218,employee09218@example.com,9000009218,2020-08-06,Marketing,Developer,USD,ACTIVE,E000922,true,49218,8000009218
E009219,Emp09219,User09219,employee09219@example.com,9000009219,2020-08-07,Operations,Specialist,USD,ACTIVE,E000922,true,49219,8000009219
E009220,Emp09220,User09220,employee09220@example.com,9000009220,2020-08-08,Engineering,Software Engineer,USD,ACTIVE,E000922,true,49220,8000009220
E009221,Emp09221,User09221,employee09221@example.com,9000009221,2020-08-09,Finance,Analyst,USD,ACTIVE,E000923,true,49221,8000009221
E009222,Emp09222,User09222,employee09222@example.com,9000009222,2020-08-10,HR,Manager,USD,ACTIVE,E000923,true,49222,8000009222
E009223,Emp09223,User09223,employee09223@example.com,9000009223,2020-08-11,Marketing,Developer,USD,ACTIVE,E000923,true,49223,8000009223
E009224,Emp09224,User09224,employee09224@example.com,9000009224,2020-08-12,Operations,Specialist,USD,ACTIVE,E000923,true,49224,8000009224
E009225,Emp09225,User09225,employee09225@example.com,9000009225,2020-08-13,Engineering,Software Engineer,USD,ACTIVE,E000923,true,49225,8000009225
E009226,Emp09226,User09226,employee09226@example.com,9000009226,2020-08-14,Finance,Analyst,USD,ACTIVE,E000923,true,49226,8000009226
E009227,Emp09227,User09227,employee09227@example.com,9000009227,2020-08-15,HR,Manager,USD,ACTIVE,E000923,true,49227,8000009227
E009228,Emp09228,User09228,employee09228@example.com,9000009228,2020-08-16,Marketing,Developer,USD,ACTIVE,E000923,true,49228,8000009228
E009229,Emp09229,User09229,employee09229@example.com,9000009229,2020-08-17,Operations,Specialist,USD,ACTIVE,E000923,true,49229,8000009229
E009230,Emp09230,User09230,employee09230@example.com,9000009230,2020-08-18,Engineering,Software Engineer,USD,ACTIVE,E000923,true,49230,8000009230
E009231,Emp09231,User09231,employee09231@example.com,9000009231,2020-08-19,Finance,Analyst,USD,ACTIVE,E000924,true,49231,8000009231
E009232,Emp09232,User09232,employee09232@example.com,9000009232,2020-08-20,HR,Manager,USD,ACTIVE,E000924,true,49232,8000009232
E009233,Emp09233,User09233,employee09233@example.com,9000009233,2020-08-21,Marketing,Developer,USD,ACTIVE,E000924,true,49233,8000009233
E009234,Emp09234,User09234,employee09234@example.com,9000009234,2020-08-22,Operations,Specialist,USD,ACTIVE,E000924,true,49234,8000009234
E009235,Emp09235,User09235,employee09235@example.com,9000009235,2020-08-23,Engineering,Software Engineer,USD,ACTIVE,E000924,true,49235,8000009235
E009236,Emp09236,User09236,employee09236@example.com,9000009236,2020-08-24,Finance,Analyst,USD,ACTIVE,E000924,true,49236,8000009236
E009237,Emp09237,User09237,employee09237@example.com,9000009237,2020-08-25,HR,Manager,USD,ACTIVE,E000924,true,49237,8000009237
E009238,Emp09238,User09238,employee09238@example.com,9000009238,2020-08-26,Marketing,Developer,USD,ACTIVE,E000924,true,49238,8000009238
E009239,Emp09239,User09239,employee09239@example.com,9000009239,2020-08-27,Operations,Specialist,USD,ACTIVE,E000924,true,49239,8000009239
E009240,Emp09240,User09240,employee09240@example.com,9000009240,2020-08-28,Engineering,Software Engineer,USD,ACTIVE,E000924,true,49240,8000009240
E009241,Emp09241,User09241,employee09241@example.com,9000009241,2020-08-29,Finance,Analyst,USD,ACTIVE,E000925,true,49241,8000009241
E009242,Emp09242,User09242,employee09242@example.com,9000009242,2020-08-30,HR,Manager,USD,ACTIVE,E000925,true,49242,8000009242
E009243,Emp09243,User09243,employee09243@example.com,9000009243,2020-08-31,Marketing,Developer,USD,ACTIVE,E000925,true,49243,8000009243
E009244,Emp09244,User09244,employee09244@example.com,9000009244,2020-09-01,Operations,Specialist,USD,ACTIVE,E000925,true,49244,8000009244
E009245,Emp09245,User09245,employee09245@example.com,9000009245,2020-09-02,Engineering,Software Engineer,USD,ACTIVE,E000925,true,49245,8000009245
E009246,Emp09246,User09246,employee09246@example.com,9000009246,2020-09-03,Finance,Analyst,USD,ACTIVE,E000925,true,49246,8000009246
E009247,Emp09247,User09247,employee09247@example.com,9000009247,2020-09-04,HR,Manager,USD,ACTIVE,E000925,true,49247,8000009247
E009248,Emp09248,User09248,employee09248@example.com,9000009248,2020-09-05,Marketing,Developer,USD,ACTIVE,E000925,true,49248,8000009248
E009249,Emp09249,User09249,employee09249@example.com,9000009249,2020-09-06,Operations,Specialist,USD,ACTIVE,E000925,true,49249,8000009249
E009250,Emp09250,User09250,employee09250@example.com,9000009250,2020-09-07,Engineering,Software Engineer,USD,ACTIVE,E000925,true,49250,8000009250
E009251,Emp09251,User09251,employee09251@example.com,9000009251,2020-09-08,Finance,Analyst,USD,ACTIVE,E000926,true,49251,8000009251
E009252,Emp09252,User09252,employee09252@example.com,9000009252,2020-09-09,HR,Manager,USD,ACTIVE,E000926,true,49252,8000009252
E009253,Emp09253,User09253,employee09253@example.com,9000009253,2020-09-10,Marketing,Developer,USD,ACTIVE,E000926,true,49253,8000009253
E009254,Emp09254,User09254,employee09254@example.com,9000009254,2020-09-11,Operations,Specialist,USD,ACTIVE,E000926,true,49254,8000009254
E009255,Emp09255,User09255,employee09255@example.com,9000009255,2020-09-12,Engineering,Software Engineer,USD,ACTIVE,E000926,true,49255,8000009255
E009256,Emp09256,User09256,employee09256@example.com,9000009256,2020-09-13,Finance,Analyst,USD,ACTIVE,E000926,true,49256,8000009256
E009257,Emp09257,User09257,employee09257@example.com,9000009257,2020-09-14,HR,Manager,USD,ACTIVE,E000926,true,49257,8000009257
E009258,Emp09258,User09258,employee09258@example.com,9000009258,2020-09-15,Marketing,Developer,USD,ACTIVE,E000926,true,49258,8000009258
E009259,Emp09259,User09259,employee09259@example.com,9000009259,2020-09-16,Operations,Specialist,USD,ACTIVE,E000926,true,49259,8000009259
E009260,Emp09260,User09260,employee09260@example.com,9000009260,2020-09-17,Engineering,Software Engineer,USD,ACTIVE,E000926,true,49260,8000009260
E009261,Emp09261,User09261,employee09261@example.com,9000009261,2020-09-18,Finance,Analyst,USD,ACTIVE,E000927,true,49261,8000009261
E009262,Emp09262,User09262,employee09262@example.com,9000009262,2020-09-19,HR,Manager,USD,ACTIVE,E000927,true,49262,8000009262
E009263,Emp09263,User09263,employee09263@example.com,9000009263,2020-09-20,Marketing,Developer,USD,ACTIVE,E000927,true,49263,8000009263
E009264,Emp09264,User09264,employee09264@example.com,9000009264,2020-09-21,Operations,Specialist,USD,ACTIVE,E000927,true,49264,8000009264
E009265,Emp09265,User09265,employee09265@example.com,9000009265,2020-09-22,Engineering,Software Engineer,USD,ACTIVE,E000927,true,49265,8000009265
E009266,Emp09266,User09266,employee09266@example.com,9000009266,2020-09-23,Finance,Analyst,USD,ACTIVE,E000927,true,49266,8000009266
E009267,Emp09267,User09267,employee09267@example.com,9000009267,2020-09-24,HR,Manager,USD,ACTIVE,E000927,true,49267,8000009267
E009268,Emp09268,User09268,employee09268@example.com,9000009268,2020-09-25,Marketing,Developer,USD,ACTIVE,E000927,true,49268,8000009268
E009269,Emp09269,User09269,employee09269@example.com,9000009269,2020-09-26,Operations,Specialist,USD,ACTIVE,E000927,true,49269,8000009269
E009270,Emp09270,User09270,employee09270@example.com,9000009270,2020-09-27,Engineering,Software Engineer,USD,ACTIVE,E000927,true,49270,8000009270
E009271,Emp09271,User09271,employee09271@example.com,9000009271,2020-09-28,Finance,Analyst,USD,ACTIVE,E000928,true,49271,8000009271
E009272,Emp09272,User09272,employee09272@example.com,9000009272,2020-09-29,HR,Manager,USD,ACTIVE,E000928,true,49272,8000009272
E009273,Emp09273,User09273,employee09273@example.com,9000009273,2020-09-30,Marketing,Developer,USD,ACTIVE,E000928,true,49273,8000009273
E009274,Emp09274,User09274,employee09274@example.com,9000009274,2020-10-01,Operations,Specialist,USD,ACTIVE,E000928,true,49274,8000009274
E009275,Emp09275,User09275,employee09275@example.com,9000009275,2020-10-02,Engineering,Software Engineer,USD,ACTIVE,E000928,true,49275,8000009275
E009276,Emp09276,User09276,employee09276@example.com,9000009276,2020-10-03,Finance,Analyst,USD,ACTIVE,E000928,true,49276,8000009276
E009277,Emp09277,User09277,employee09277@example.com,9000009277,2020-10-04,HR,Manager,USD,ACTIVE,E000928,true,49277,8000009277
E009278,Emp09278,User09278,employee09278@example.com,9000009278,2020-10-05,Marketing,Developer,USD,ACTIVE,E000928,true,49278,8000009278
E009279,Emp09279,User09279,employee09279@example.com,9000009279,2020-10-06,Operations,Specialist,USD,ACTIVE,E000928,true,49279,8000009279
E009280,Emp09280,User09280,employee09280@example.com,9000009280,2020-10-07,Engineering,Software Engineer,USD,ACTIVE,E000928,true,49280,8000009280
E009281,Emp09281,User09281,employee09281@example.com,9000009281,2020-10-08,Finance,Analyst,USD,ACTIVE,E000929,true,49281,8000009281
E009282,Emp09282,User09282,employee09282@example.com,9000009282,2020-10-09,HR,Manager,USD,ACTIVE,E000929,true,49282,8000009282
E009283,Emp09283,User09283,employee09283@example.com,9000009283,2020-10-10,Marketing,Developer,USD,ACTIVE,E000929,true,49283,8000009283
E009284,Emp09284,User09284,employee09284@example.com,9000009284,2020-10-11,Operations,Specialist,USD,ACTIVE,E000929,true,49284,8000009284
E009285,Emp09285,User09285,employee09285@example.com,9000009285,2020-10-12,Engineering,Software Engineer,USD,ACTIVE,E000929,true,49285,8000009285
E009286,Emp09286,User09286,employee09286@example.com,9000009286,2020-10-13,Finance,Analyst,USD,ACTIVE,E000929,true,49286,8000009286
E009287,Emp09287,User09287,employee09287@example.com,9000009287,2020-10-14,HR,Manager,USD,ACTIVE,E000929,true,49287,8000009287
E009288,Emp09288,User09288,employee09288@example.com,9000009288,2020-10-15,Marketing,Developer,USD,ACTIVE,E000929,true,49288,8000009288
E009289,Emp09289,User09289,employee09289@example.com,9000009289,2020-10-16,Operations,Specialist,USD,ACTIVE,E000929,true,49289,8000009289
E009290,Emp09290,User09290,employee09290@example.com,9000009290,2020-10-17,Engineering,Software Engineer,USD,ACTIVE,E000929,true,49290,8000009290
E009291,Emp09291,User09291,employee09291@example.com,9000009291,2020-10-18,Finance,Analyst,USD,ACTIVE,E000930,true,49291,8000009291
E009292,Emp09292,User09292,employee09292@example.com,9000009292,2020-10-19,HR,Manager,USD,ACTIVE,E000930,true,49292,8000009292
E009293,Emp09293,User09293,employee09293@example.com,9000009293,2020-10-20,Marketing,Developer,USD,ACTIVE,E000930,true,49293,8000009293
E009294,Emp09294,User09294,employee09294@example.com,9000009294,2020-10-21,Operations,Specialist,USD,ACTIVE,E000930,true,49294,8000009294
E009295,Emp09295,User09295,employee09295@example.com,9000009295,2020-10-22,Engineering,Software Engineer,USD,ACTIVE,E000930,true,49295,8000009295
E009296,Emp09296,User09296,employee09296@example.com,9000009296,2020-10-23,Finance,Analyst,USD,ACTIVE,E000930,true,49296,8000009296
E009297,Emp09297,User09297,employee09297@example.com,9000009297,2020-10-24,HR,Manager,USD,ACTIVE,E000930,true,49297,8000009297
E009298,Emp09298,User09298,employee09298@example.com,9000009298,2020-10-25,Marketing,Developer,USD,ACTIVE,E000930,true,49298,8000009298
E009299,Emp09299,User09299,employee09299@example.com,9000009299,2020-10-26,Operations,Specialist,USD,ACTIVE,E000930,true,49299,8000009299
E009300,Emp09300,User09300,employee09300@example.com,9000009300,2020-10-27,Engineering,Software Engineer,USD,ACTIVE,E000930,true,49300,8000009300
E009301,Emp09301,User09301,employee09301@example.com,9000009301,2020-10-28,Finance,Analyst,USD,ACTIVE,E000931,true,49301,8000009301
E009302,Emp09302,User09302,employee09302@example.com,9000009302,2020-10-29,HR,Manager,USD,ACTIVE,E000931,true,49302,8000009302
E009303,Emp09303,User09303,employee09303@example.com,9000009303,2020-10-30,Marketing,Developer,USD,ACTIVE,E000931,true,49303,8000009303
E009304,Emp09304,User09304,employee09304@example.com,9000009304,2020-10-31,Operations,Specialist,USD,ACTIVE,E000931,true,49304,8000009304
E009305,Emp09305,User09305,employee09305@example.com,9000009305,2020-11-01,Engineering,Software Engineer,USD,ACTIVE,E000931,true,49305,8000009305
E009306,Emp09306,User09306,employee09306@example.com,9000009306,2020-11-02,Finance,Analyst,USD,ACTIVE,E000931,true,49306,8000009306
E009307,Emp09307,User09307,employee09307@example.com,9000009307,2020-11-03,HR,Manager,USD,ACTIVE,E000931,true,49307,8000009307
E009308,Emp09308,User09308,employee09308@example.com,9000009308,2020-11-04,Marketing,Developer,USD,ACTIVE,E000931,true,49308,8000009308
E009309,Emp09309,User09309,employee09309@example.com,9000009309,2020-11-05,Operations,Specialist,USD,ACTIVE,E000931,true,49309,8000009309
E009310,Emp09310,User09310,employee09310@example.com,9000009310,2020-11-06,Engineering,Software Engineer,USD,ACTIVE,E000931,true,49310,8000009310
E009311,Emp09311,User09311,employee09311@example.com,9000009311,2020-11-07,Finance,Analyst,USD,ACTIVE,E000932,true,49311,8000009311
E009312,Emp09312,User09312,employee09312@example.com,9000009312,2020-11-08,HR,Manager,USD,ACTIVE,E000932,true,49312,8000009312
E009313,Emp09313,User09313,employee09313@example.com,9000009313,2020-11-09,Marketing,Developer,USD,ACTIVE,E000932,true,49313,8000009313
E009314,Emp09314,User09314,employee09314@example.com,9000009314,2020-11-10,Operations,Specialist,USD,ACTIVE,E000932,true,49314,8000009314
E009315,Emp09315,User09315,employee09315@example.com,9000009315,2020-11-11,Engineering,Software Engineer,USD,ACTIVE,E000932,true,49315,8000009315
E009316,Emp09316,User09316,employee09316@example.com,9000009316,2020-11-12,Finance,Analyst,USD,ACTIVE,E000932,true,49316,8000009316
E009317,Emp09317,User09317,employee09317@example.com,9000009317,2020-11-13,HR,Manager,USD,ACTIVE,E000932,true,49317,8000009317
E009318,Emp09318,User09318,employee09318@example.com,9000009318,2020-11-14,Marketing,Developer,USD,ACTIVE,E000932,true,49318,8000009318
E009319,Emp09319,User09319,employee09319@example.com,9000009319,2020-11-15,Operations,Specialist,USD,ACTIVE,E000932,true,49319,8000009319
E009320,Emp09320,User09320,employee09320@example.com,9000009320,2020-11-16,Engineering,Software Engineer,USD,ACTIVE,E000932,true,49320,8000009320
E009321,Emp09321,User09321,employee09321@example.com,9000009321,2020-11-17,Finance,Analyst,USD,ACTIVE,E000933,true,49321,8000009321
E009322,Emp09322,User09322,employee09322@example.com,9000009322,2020-11-18,HR,Manager,USD,ACTIVE,E000933,true,49322,8000009322
E009323,Emp09323,User09323,employee09323@example.com,9000009323,2020-11-19,Marketing,Developer,USD,ACTIVE,E000933,true,49323,8000009323
E009324,Emp09324,User09324,employee09324@example.com,9000009324,2020-11-20,Operations,Specialist,USD,ACTIVE,E000933,true,49324,8000009324
E009325,Emp09325,User09325,employee09325@example.com,9000009325,2020-11-21,Engineering,Software Engineer,USD,ACTIVE,E000933,true,49325,8000009325
E009326,Emp09326,User09326,employee09326@example.com,9000009326,2020-11-22,Finance,Analyst,USD,ACTIVE,E000933,true,49326,8000009326
E009327,Emp09327,User09327,employee09327@example.com,9000009327,2020-11-23,HR,Manager,USD,ACTIVE,E000933,true,49327,8000009327
E009328,Emp09328,User09328,employee09328@example.com,9000009328,2020-11-24,Marketing,Developer,USD,ACTIVE,E000933,true,49328,8000009328
E009329,Emp09329,User09329,employee09329@example.com,9000009329,2020-11-25,Operations,Specialist,USD,ACTIVE,E000933,true,49329,8000009329
E009330,Emp09330,User09330,employee09330@example.com,9000009330,2020-11-26,Engineering,Software Engineer,USD,ACTIVE,E000933,true,49330,8000009330
E009331,Emp09331,User09331,employee09331@example.com,9000009331,2020-11-27,Finance,Analyst,USD,ACTIVE,E000934,true,49331,8000009331
E009332,Emp09332,User09332,employee09332@example.com,9000009332,2020-11-28,HR,Manager,USD,ACTIVE,E000934,true,49332,8000009332
E009333,Emp09333,User09333,employee09333@example.com,9000009333,2020-11-29,Marketing,Developer,USD,ACTIVE,E000934,true,49333,8000009333
E009334,Emp09334,User09334,employee09334@example.com,9000009334,2020-11-30,Operations,Specialist,USD,ACTIVE,E000934,true,49334,8000009334
E009335,Emp09335,User09335,employee09335@example.com,9000009335,2020-12-01,Engineering,Software Engineer,USD,ACTIVE,E000934,true,49335,8000009335
E009336,Emp09336,User09336,employee09336@example.com,9000009336,2020-12-02,Finance,Analyst,USD,ACTIVE,E000934,true,49336,8000009336
E009337,Emp09337,User09337,employee09337@example.com,9000009337,2020-12-03,HR,Manager,USD,ACTIVE,E000934,true,49337,8000009337
E009338,Emp09338,User09338,employee09338@example.com,9000009338,2020-12-04,Marketing,Developer,USD,ACTIVE,E000934,true,49338,8000009338
E009339,Emp09339,User09339,employee09339@example.com,9000009339,2020-12-05,Operations,Specialist,USD,ACTIVE,E000934,true,49339,8000009339
E009340,Emp09340,User09340,employee09340@example.com,9000009340,2020-12-06,Engineering,Software Engineer,USD,ACTIVE,E000934,true,49340,8000009340
E009341,Emp09341,User09341,employee09341@example.com,9000009341,2020-12-07,Finance,Analyst,USD,ACTIVE,E000935,true,49341,8000009341
E009342,Emp09342,User09342,employee09342@example.com,9000009342,2020-12-08,HR,Manager,USD,ACTIVE,E000935,true,49342,8000009342
E009343,Emp09343,User09343,employee09343@example.com,9000009343,2020-12-09,Marketing,Developer,USD,ACTIVE,E000935,true,49343,8000009343
E009344,Emp09344,User09344,employee09344@example.com,9000009344,2020-12-10,Operations,Specialist,USD,ACTIVE,E000935,true,49344,8000009344
E009345,Emp09345,User09345,employee09345@example.com,9000009345,2020-12-11,Engineering,Software Engineer,USD,ACTIVE,E000935,true,49345,8000009345
E009346,Emp09346,User09346,employee09346@example.com,9000009346,2020-12-12,Finance,Analyst,USD,ACTIVE,E000935,true,49346,8000009346
E009347,Emp09347,User09347,employee09347@example.com,9000009347,2020-12-13,HR,Manager,USD,ACTIVE,E000935,true,49347,8000009347
E009348,Emp09348,User09348,employee09348@example.com,9000009348,2020-12-14,Marketing,Developer,USD,ACTIVE,E000935,true,49348,8000009348
E009349,Emp09349,User09349,employee09349@example.com,9000009349,2020-12-15,Operations,Specialist,USD,ACTIVE,E000935,true,49349,8000009349
E009350,Emp09350,User09350,employee09350@example.com,9000009350,2020-12-16,Engineering,Software Engineer,USD,ACTIVE,E000935,true,49350,8000009350
E009351,Emp09351,User09351,employee09351@example.com,9000009351,2020-12-17,Finance,Analyst,USD,ACTIVE,E000936,true,49351,8000009351
E009352,Emp09352,User09352,employee09352@example.com,9000009352,2020-12-18,HR,Manager,USD,ACTIVE,E000936,true,49352,8000009352
E009353,Emp09353,User09353,employee09353@example.com,9000009353,2020-12-19,Marketing,Developer,USD,ACTIVE,E000936,true,49353,8000009353
E009354,Emp09354,User09354,employee09354@example.com,9000009354,2020-12-20,Operations,Specialist,USD,ACTIVE,E000936,true,49354,8000009354
E009355,Emp09355,User09355,employee09355@example.com,9000009355,2020-12-21,Engineering,Software Engineer,USD,ACTIVE,E000936,true,49355,8000009355
E009356,Emp09356,User09356,employee09356@example.com,9000009356,2020-12-22,Finance,Analyst,USD,ACTIVE,E000936,true,49356,8000009356
E009357,Emp09357,User09357,employee09357@example.com,9000009357,2020-12-23,HR,Manager,USD,ACTIVE,E000936,true,49357,8000009357
E009358,Emp09358,User09358,employee09358@example.com,9000009358,2020-12-24,Marketing,Developer,USD,ACTIVE,E000936,true,49358,8000009358
E009359,Emp09359,User09359,employee09359@example.com,9000009359,2020-12-25,Operations,Specialist,USD,ACTIVE,E000936,true,49359,8000009359
E009360,Emp09360,User09360,employee09360@example.com,9000009360,2020-12-26,Engineering,Software Engineer,USD,ACTIVE,E000936,true,49360,8000009360
E009361,Emp09361,User09361,employee09361@example.com,9000009361,2020-12-27,Finance,Analyst,USD,ACTIVE,E000937,true,49361,8000009361
E009362,Emp09362,User09362,employee09362@example.com,9000009362,2020-12-28,HR,Manager,USD,ACTIVE,E000937,true,49362,8000009362
E009363,Emp09363,User09363,employee09363@example.com,9000009363,2020-12-29,Marketing,Developer,USD,ACTIVE,E000937,true,49363,8000009363
E009364,Emp09364,User09364,employee09364@example.com,9000009364,2020-12-30,Operations,Specialist,USD,ACTIVE,E000937,true,49364,8000009364
E009365,Emp09365,User09365,employee09365@example.com,9000009365,2020-12-31,Engineering,Software Engineer,USD,ACTIVE,E000937,true,49365,8000009365
E009366,Emp09366,User09366,employee09366@example.com,9000009366,2021-01-01,Finance,Analyst,USD,ACTIVE,E000937,true,49366,8000009366
E009367,Emp09367,User09367,employee09367@example.com,9000009367,2021-01-02,HR,Manager,USD,ACTIVE,E000937,true,49367,8000009367
E009368,Emp09368,User09368,employee09368@example.com,9000009368,2021-01-03,Marketing,Developer,USD,ACTIVE,E000937,true,49368,8000009368
E009369,Emp09369,User09369,employee09369@example.com,9000009369,2021-01-04,Operations,Specialist,USD,ACTIVE,E000937,true,49369,8000009369
E009370,Emp09370,User09370,employee09370@example.com,9000009370,2021-01-05,Engineering,Software Engineer,USD,ACTIVE,E000937,true,49370,8000009370
E009371,Emp09371,User09371,employee09371@example.com,9000009371,2021-01-06,Finance,Analyst,USD,ACTIVE,E000938,true,49371,8000009371
E009372,Emp09372,User09372,employee09372@example.com,9000009372,2021-01-07,HR,Manager,USD,ACTIVE,E000938,true,49372,8000009372
E009373,Emp09373,User09373,employee09373@example.com,9000009373,2021-01-08,Marketing,Developer,USD,ACTIVE,E000938,true,49373,8000009373
E009374,Emp09374,User09374,employee09374@example.com,9000009374,2021-01-09,Operations,Specialist,USD,ACTIVE,E000938,true,49374,8000009374
E009375,Emp09375,User09375,employee09375@example.com,9000009375,2021-01-10,Engineering,Software Engineer,USD,ACTIVE,E000938,true,49375,8000009375
E009376,Emp09376,User09376,employee09376@example.com,9000009376,2021-01-11,Finance,Analyst,USD,ACTIVE,E000938,true,49376,8000009376
E009377,Emp09377,User09377,employee09377@example.com,9000009377,2021-01-12,HR,Manager,USD,ACTIVE,E000938,true,49377,8000009377
E009378,Emp09378,User09378,employee09378@example.com,9000009378,2021-01-13,Marketing,Developer,USD,ACTIVE,E000938,true,49378,8000009378
E009379,Emp09379,User09379,employee09379@example.com,9000009379,2021-01-14,Operations,Specialist,USD,ACTIVE,E000938,true,49379,8000009379
E009380,Emp09380,User09380,employee09380@example.com,9000009380,2021-01-15,Engineering,Software Engineer,USD,ACTIVE,E000938,true,49380,8000009380
E009381,Emp09381,User09381,employee09381@example.com,9000009381,2021-01-16,Finance,Analyst,USD,ACTIVE,E000939,true,49381,8000009381
E009382,Emp09382,User09382,employee09382@example.com,9000009382,2021-01-17,HR,Manager,USD,ACTIVE,E000939,true,49382,8000009382
E009383,Emp09383,User09383,employee09383@example.com,9000009383,2021-01-18,Marketing,Developer,USD,ACTIVE,E000939,true,49383,8000009383
E009384,Emp09384,User09384,employee09384@example.com,9000009384,2021-01-19,Operations,Specialist,USD,ACTIVE,E000939,true,49384,8000009384
E009385,Emp09385,User09385,employee09385@example.com,9000009385,2021-01-20,Engineering,Software Engineer,USD,ACTIVE,E000939,true,49385,8000009385
E009386,Emp09386,User09386,employee09386@example.com,9000009386,2021-01-21,Finance,Analyst,USD,ACTIVE,E000939,true,49386,8000009386
E009387,Emp09387,User09387,employee09387@example.com,9000009387,2021-01-22,HR,Manager,USD,ACTIVE,E000939,true,49387,8000009387
E009388,Emp09388,User09388,employee09388@example.com,9000009388,2021-01-23,Marketing,Developer,USD,ACTIVE,E000939,true,49388,8000009388
E009389,Emp09389,User09389,employee09389@example.com,9000009389,2021-01-24,Operations,Specialist,USD,ACTIVE,E000939,true,49389,8000009389
E009390,Emp09390,User09390,employee09390@example.com,9000009390,2021-01-25,Engineering,Software Engineer,USD,ACTIVE,E000939,true,49390,8000009390
E009391,Emp09391,User09391,employee09391@example.com,9000009391,2021-01-26,Finance,Analyst,USD,ACTIVE,E000940,true,49391,8000009391
E009392,Emp09392,User09392,employee09392@example.com,9000009392,2021-01-27,HR,Manager,USD,ACTIVE,E000940,true,49392,8000009392
E009393,Emp09393,User09393,employee09393@example.com,9000009393,2021-01-28,Marketing,Developer,USD,ACTIVE,E000940,true,49393,8000009393
E009394,Emp09394,User09394,employee09394@example.com,9000009394,2021-01-29,Operations,Specialist,USD,ACTIVE,E000940,true,49394,8000009394
E009395,Emp09395,User09395,employee09395@example.com,9000009395,2021-01-30,Engineering,Software Engineer,USD,ACTIVE,E000940,true,49395,8000009395
E009396,Emp09396,User09396,employee09396@example.com,9000009396,2021-01-31,Finance,Analyst,USD,ACTIVE,E000940,true,49396,8000009396
E009397,Emp09397,User09397,employee09397@example.com,9000009397,2021-02-01,HR,Manager,USD,ACTIVE,E000940,true,49397,8000009397
E009398,Emp09398,User09398,employee09398@example.com,9000009398,2021-02-02,Marketing,Developer,USD,ACTIVE,E000940,true,49398,8000009398
E009399,Emp09399,User09399,employee09399@example.com,9000009399,2021-02-03,Operations,Specialist,USD,ACTIVE,E000940,true,49399,8000009399
E009400,Emp09400,User09400,employee09400@example.com,9000009400,2021-02-04,Engineering,Software Engineer,USD,ACTIVE,E000940,true,49400,8000009400
E009401,Emp09401,User09401,employee09401@example.com,9000009401,2021-02-05,Finance,Analyst,USD,ACTIVE,E000941,true,49401,8000009401
E009402,Emp09402,User09402,employee09402@example.com,9000009402,2021-02-06,HR,Manager,USD,ACTIVE,E000941,true,49402,8000009402
E009403,Emp09403,User09403,employee09403@example.com,9000009403,2021-02-07,Marketing,Developer,USD,ACTIVE,E000941,true,49403,8000009403
E009404,Emp09404,User09404,employee09404@example.com,9000009404,2021-02-08,Operations,Specialist,USD,ACTIVE,E000941,true,49404,8000009404
E009405,Emp09405,User09405,employee09405@example.com,9000009405,2021-02-09,Engineering,Software Engineer,USD,ACTIVE,E000941,true,49405,8000009405
E009406,Emp09406,User09406,employee09406@example.com,9000009406,2021-02-10,Finance,Analyst,USD,ACTIVE,E000941,true,49406,8000009406
E009407,Emp09407,User09407,employee09407@example.com,9000009407,2021-02-11,HR,Manager,USD,ACTIVE,E000941,true,49407,8000009407
E009408,Emp09408,User09408,employee09408@example.com,9000009408,2021-02-12,Marketing,Developer,USD,ACTIVE,E000941,true,49408,8000009408
E009409,Emp09409,User09409,employee09409@example.com,9000009409,2021-02-13,Operations,Specialist,USD,ACTIVE,E000941,true,49409,8000009409
E009410,Emp09410,User09410,employee09410@example.com,9000009410,2021-02-14,Engineering,Software Engineer,USD,ACTIVE,E000941,true,49410,8000009410
E009411,Emp09411,User09411,employee09411@example.com,9000009411,2021-02-15,Finance,Analyst,USD,ACTIVE,E000942,true,49411,8000009411
E009412,Emp09412,User09412,employee09412@example.com,9000009412,2021-02-16,HR,Manager,USD,ACTIVE,E000942,true,49412,8000009412
E009413,Emp09413,User09413,employee09413@example.com,9000009413,2021-02-17,Marketing,Developer,USD,ACTIVE,E000942,true,49413,8000009413
E009414,Emp09414,User09414,employee09414@example.com,9000009414,2021-02-18,Operations,Specialist,USD,ACTIVE,E000942,true,49414,8000009414
E009415,Emp09415,User09415,employee09415@example.com,9000009415,2021-02-19,Engineering,Software Engineer,USD,ACTIVE,E000942,true,49415,8000009415
E009416,Emp09416,User09416,employee09416@example.com,9000009416,2021-02-20,Finance,Analyst,USD,ACTIVE,E000942,true,49416,8000009416
E009417,Emp09417,User09417,employee09417@example.com,9000009417,2021-02-21,HR,Manager,USD,ACTIVE,E000942,true,49417,8000009417
E009418,Emp09418,User09418,employee09418@example.com,9000009418,2021-02-22,Marketing,Developer,USD,ACTIVE,E000942,true,49418,8000009418
E009419,Emp09419,User09419,employee09419@example.com,9000009419,2021-02-23,Operations,Specialist,USD,ACTIVE,E000942,true,49419,8000009419
E009420,Emp09420,User09420,employee09420@example.com,9000009420,2021-02-24,Engineering,Software Engineer,USD,ACTIVE,E000942,true,49420,8000009420
E009421,Emp09421,User09421,employee09421@example.com,9000009421,2021-02-25,Finance,Analyst,USD,ACTIVE,E000943,true,49421,8000009421
E009422,Emp09422,User09422,employee09422@example.com,9000009422,2021-02-26,HR,Manager,USD,ACTIVE,E000943,true,49422,8000009422
E009423,Emp09423,User09423,employee09423@example.com,9000009423,2021-02-27,Marketing,Developer,USD,ACTIVE,E000943,true,49423,8000009423
E009424,Emp09424,User09424,employee09424@example.com,9000009424,2021-02-28,Operations,Specialist,USD,ACTIVE,E000943,true,49424,8000009424
E009425,Emp09425,User09425,employee09425@example.com,9000009425,2021-03-01,Engineering,Software Engineer,USD,ACTIVE,E000943,true,49425,8000009425
E009426,Emp09426,User09426,employee09426@example.com,9000009426,2021-03-02,Finance,Analyst,USD,ACTIVE,E000943,true,49426,8000009426
E009427,Emp09427,User09427,employee09427@example.com,9000009427,2021-03-03,HR,Manager,USD,ACTIVE,E000943,true,49427,8000009427
E009428,Emp09428,User09428,employee09428@example.com,9000009428,2021-03-04,Marketing,Developer,USD,ACTIVE,E000943,true,49428,8000009428
E009429,Emp09429,User09429,employee09429@example.com,9000009429,2021-03-05,Operations,Specialist,USD,ACTIVE,E000943,true,49429,8000009429
E009430,Emp09430,User09430,employee09430@example.com,9000009430,2021-03-06,Engineering,Software Engineer,USD,ACTIVE,E000943,true,49430,8000009430
E009431,Emp09431,User09431,employee09431@example.com,9000009431,2021-03-07,Finance,Analyst,USD,ACTIVE,E000944,true,49431,8000009431
E009432,Emp09432,User09432,employee09432@example.com,9000009432,2021-03-08,HR,Manager,USD,ACTIVE,E000944,true,49432,8000009432
E009433,Emp09433,User09433,employee09433@example.com,9000009433,2021-03-09,Marketing,Developer,USD,ACTIVE,E000944,true,49433,8000009433
E009434,Emp09434,User09434,employee09434@example.com,9000009434,2021-03-10,Operations,Specialist,USD,ACTIVE,E000944,true,49434,8000009434
E009435,Emp09435,User09435,employee09435@example.com,9000009435,2021-03-11,Engineering,Software Engineer,USD,ACTIVE,E000944,true,49435,8000009435
E009436,Emp09436,User09436,employee09436@example.com,9000009436,2021-03-12,Finance,Analyst,USD,ACTIVE,E000944,true,49436,8000009436
E009437,Emp09437,User09437,employee09437@example.com,9000009437,2021-03-13,HR,Manager,USD,ACTIVE,E000944,true,49437,8000009437
E009438,Emp09438,User09438,employee09438@example.com,9000009438,2021-03-14,Marketing,Developer,USD,ACTIVE,E000944,true,49438,8000009438
E009439,Emp09439,User09439,employee09439@example.com,9000009439,2021-03-15,Operations,Specialist,USD,ACTIVE,E000944,true,49439,8000009439
E009440,Emp09440,User09440,employee09440@example.com,9000009440,2021-03-16,Engineering,Software Engineer,USD,ACTIVE,E000944,true,49440,8000009440
E009441,Emp09441,User09441,employee09441@example.com,9000009441,2021-03-17,Finance,Analyst,USD,ACTIVE,E000945,true,49441,8000009441
E009442,Emp09442,User09442,employee09442@example.com,9000009442,2021-03-18,HR,Manager,USD,ACTIVE,E000945,true,49442,8000009442
E009443,Emp09443,User09443,employee09443@example.com,9000009443,2021-03-19,Marketing,Developer,USD,ACTIVE,E000945,true,49443,8000009443
E009444,Emp09444,User09444,employee09444@example.com,9000009444,2021-03-20,Operations,Specialist,USD,ACTIVE,E000945,true,49444,8000009444
E009445,Emp09445,User09445,employee09445@example.com,9000009445,2021-03-21,Engineering,Software Engineer,USD,ACTIVE,E000945,true,49445,8000009445
E009446,Emp09446,User09446,employee09446@example.com,9000009446,2021-03-22,Finance,Analyst,USD,ACTIVE,E000945,true,49446,8000009446
E009447,Emp09447,User09447,employee09447@example.com,9000009447,2021-03-23,HR,Manager,USD,ACTIVE,E000945,true,49447,8000009447
E009448,Emp09448,User09448,employee09448@example.com,9000009448,2021-03-24,Marketing,Developer,USD,ACTIVE,E000945,true,49448,8000009448
E009449,Emp09449,User09449,employee09449@example.com,9000009449,2021-03-25,Operations,Specialist,USD,ACTIVE,E000945,true,49449,8000009449
E009450,Emp09450,User09450,employee09450@example.com,9000009450,2021-03-26,Engineering,Software Engineer,USD,ACTIVE,E000945,true,49450,8000009450
E009451,Emp09451,User09451,employee09451@example.com,9000009451,2021-03-27,Finance,Analyst,USD,ACTIVE,E000946,true,49451,8000009451
E009452,Emp09452,User09452,employee09452@example.com,9000009452,2021-03-28,HR,Manager,USD,ACTIVE,E000946,true,49452,8000009452
E009453,Emp09453,User09453,employee09453@example.com,9000009453,2021-03-29,Marketing,Developer,USD,ACTIVE,E000946,true,49453,8000009453
E009454,Emp09454,User09454,employee09454@example.com,9000009454,2021-03-30,Operations,Specialist,USD,ACTIVE,E000946,true,49454,8000009454
E009455,Emp09455,User09455,employee09455@example.com,9000009455,2021-03-31,Engineering,Software Engineer,USD,ACTIVE,E000946,true,49455,8000009455
E009456,Emp09456,User09456,employee09456@example.com,9000009456,2021-04-01,Finance,Analyst,USD,ACTIVE,E000946,true,49456,8000009456
E009457,Emp09457,User09457,employee09457@example.com,9000009457,2021-04-02,HR,Manager,USD,ACTIVE,E000946,true,49457,8000009457
E009458,Emp09458,User09458,employee09458@example.com,9000009458,2021-04-03,Marketing,Developer,USD,ACTIVE,E000946,true,49458,8000009458
E009459,Emp09459,User09459,employee09459@example.com,9000009459,2021-04-04,Operations,Specialist,USD,ACTIVE,E000946,true,49459,8000009459
E009460,Emp09460,User09460,employee09460@example.com,9000009460,2021-04-05,Engineering,Software Engineer,USD,ACTIVE,E000946,true,49460,8000009460
E009461,Emp09461,User09461,employee09461@example.com,9000009461,2021-04-06,Finance,Analyst,USD,ACTIVE,E000947,true,49461,8000009461
E009462,Emp09462,User09462,employee09462@example.com,9000009462,2021-04-07,HR,Manager,USD,ACTIVE,E000947,true,49462,8000009462
E009463,Emp09463,User09463,employee09463@example.com,9000009463,2021-04-08,Marketing,Developer,USD,ACTIVE,E000947,true,49463,8000009463
E009464,Emp09464,User09464,employee09464@example.com,9000009464,2021-04-09,Operations,Specialist,USD,ACTIVE,E000947,true,49464,8000009464
E009465,Emp09465,User09465,employee09465@example.com,9000009465,2021-04-10,Engineering,Software Engineer,USD,ACTIVE,E000947,true,49465,8000009465
E009466,Emp09466,User09466,employee09466@example.com,9000009466,2021-04-11,Finance,Analyst,USD,ACTIVE,E000947,true,49466,8000009466
E009467,Emp09467,User09467,employee09467@example.com,9000009467,2021-04-12,HR,Manager,USD,ACTIVE,E000947,true,49467,8000009467
E009468,Emp09468,User09468,employee09468@example.com,9000009468,2021-04-13,Marketing,Developer,USD,ACTIVE,E000947,true,49468,8000009468
E009469,Emp09469,User09469,employee09469@example.com,9000009469,2021-04-14,Operations,Specialist,USD,ACTIVE,E000947,true,49469,8000009469
E009470,Emp09470,User09470,employee09470@example.com,9000009470,2021-04-15,Engineering,Software Engineer,USD,ACTIVE,E000947,true,49470,8000009470
E009471,Emp09471,User09471,employee09471@example.com,9000009471,2021-04-16,Finance,Analyst,USD,ACTIVE,E000948,true,49471,8000009471
E009472,Emp09472,User09472,employee09472@example.com,9000009472,2021-04-17,HR,Manager,USD,ACTIVE,E000948,true,49472,8000009472
E009473,Emp09473,User09473,employee09473@example.com,9000009473,2021-04-18,Marketing,Developer,USD,ACTIVE,E000948,true,49473,8000009473
E009474,Emp09474,User09474,employee09474@example.com,9000009474,2021-04-19,Operations,Specialist,USD,ACTIVE,E000948,true,49474,8000009474
E009475,Emp09475,User09475,employee09475@example.com,9000009475,2021-04-20,Engineering,Software Engineer,USD,ACTIVE,E000948,true,49475,8000009475
E009476,Emp09476,User09476,employee09476@example.com,9000009476,2021-04-21,Finance,Analyst,USD,ACTIVE,E000948,true,49476,8000009476
E009477,Emp09477,User09477,employee09477@example.com,9000009477,2021-04-22,HR,Manager,USD,ACTIVE,E000948,true,49477,8000009477
E009478,Emp09478,User09478,employee09478@example.com,9000009478,2021-04-23,Marketing,Developer,USD,ACTIVE,E000948,true,49478,8000009478
E009479,Emp09479,User09479,employee09479@example.com,9000009479,2021-04-24,Operations,Specialist,USD,ACTIVE,E000948,true,49479,8000009479
E009480,Emp09480,User09480,employee09480@example.com,9000009480,2021-04-25,Engineering,Software Engineer,USD,ACTIVE,E000948,true,49480,8000009480
E009481,Emp09481,User09481,employee09481@example.com,9000009481,2021-04-26,Finance,Analyst,USD,ACTIVE,E000949,true,49481,8000009481
E009482,Emp09482,User09482,employee09482@example.com,9000009482,2021-04-27,HR,Manager,USD,ACTIVE,E000949,true,49482,8000009482
E009483,Emp09483,User09483,employee09483@example.com,9000009483,2021-04-28,Marketing,Developer,USD,ACTIVE,E000949,true,49483,8000009483
E009484,Emp09484,User09484,employee09484@example.com,9000009484,2021-04-29,Operations,Specialist,USD,ACTIVE,E000949,true,49484,8000009484
E009485,Emp09485,User09485,employee09485@example.com,9000009485,2021-04-30,Engineering,Software Engineer,USD,ACTIVE,E000949,true,49485,8000009485
E009486,Emp09486,User09486,employee09486@example.com,9000009486,2021-05-01,Finance,Analyst,USD,ACTIVE,E000949,true,49486,8000009486
E009487,Emp09487,User09487,employee09487@example.com,9000009487,2021-05-02,HR,Manager,USD,ACTIVE,E000949,true,49487,8000009487
E009488,Emp09488,User09488,employee09488@example.com,9000009488,2021-05-03,Marketing,Developer,USD,ACTIVE,E000949,true,49488,8000009488
E009489,Emp09489,User09489,employee09489@example.com,9000009489,2021-05-04,Operations,Specialist,USD,ACTIVE,E000949,true,49489,8000009489
E009490,Emp09490,User09490,employee09490@example.com,9000009490,2021-05-05,Engineering,Software Engineer,USD,ACTIVE,E000949,true,49490,8000009490
E009491,Emp09491,User09491,employee09491@example.com,9000009491,2021-05-06,Finance,Analyst,USD,ACTIVE,E000950,true,49491,8000009491
E009492,Emp09492,User09492,employee09492@example.com,9000009492,2021-05-07,HR,Manager,USD,ACTIVE,E000950,true,49492,8000009492
E009493,Emp09493,User09493,employee09493@example.com,9000009493,2021-05-08,Marketing,Developer,USD,ACTIVE,E000950,true,49493,8000009493
E009494,Emp09494,User09494,employee09494@example.com,9000009494,2021-05-09,Operations,Specialist,USD,ACTIVE,E000950,true,49494,8000009494
E009495,Emp09495,User09495,employee09495@example.com,9000009495,2021-05-10,Engineering,Software Engineer,USD,ACTIVE,E000950,true,49495,8000009495
E009496,Emp09496,User09496,employee09496@example.com,9000009496,2021-05-11,Finance,Analyst,USD,ACTIVE,E000950,true,49496,8000009496
E009497,Emp09497,User09497,employee09497@example.com,9000009497,2021-05-12,HR,Manager,USD,ACTIVE,E000950,true,49497,8000009497
E009498,Emp09498,User09498,employee09498@example.com,9000009498,2021-05-13,Marketing,Developer,USD,ACTIVE,E000950,true,49498,8000009498
E009499,Emp09499,User09499,employee09499@example.com,9000009499,2021-05-14,Operations,Specialist,USD,ACTIVE,E000950,true,49499,8000009499
E009500,Emp09500,User09500,employee09500@example.com,9000009500,2021-05-15,Engineering,Software Engineer,USD,ACTIVE,E000950,true,49500,8000009500
E009501,Emp09501,User09501,employee09501@example.com,9000009501,2021-05-16,Finance,Analyst,USD,ACTIVE,E000951,true,49501,8000009501
E009502,Emp09502,User09502,employee09502@example.com,9000009502,2021-05-17,HR,Manager,USD,ACTIVE,E000951,true,49502,8000009502
E009503,Emp09503,User09503,employee09503@example.com,9000009503,2021-05-18,Marketing,Developer,USD,ACTIVE,E000951,true,49503,8000009503
E009504,Emp09504,User09504,employee09504@example.com,9000009504,2021-05-19,Operations,Specialist,USD,ACTIVE,E000951,true,49504,8000009504
E009505,Emp09505,User09505,employee09505@example.com,9000009505,2021-05-20,Engineering,Software Engineer,USD,ACTIVE,E000951,true,49505,8000009505
E009506,Emp09506,User09506,employee09506@example.com,9000009506,2021-05-21,Finance,Analyst,USD,ACTIVE,E000951,true,49506,8000009506
E009507,Emp09507,User09507,employee09507@example.com,9000009507,2021-05-22,HR,Manager,USD,ACTIVE,E000951,true,49507,8000009507
E009508,Emp09508,User09508,employee09508@example.com,9000009508,2021-05-23,Marketing,Developer,USD,ACTIVE,E000951,true,49508,8000009508
E009509,Emp09509,User09509,employee09509@example.com,9000009509,2021-05-24,Operations,Specialist,USD,ACTIVE,E000951,true,49509,8000009509
E009510,Emp09510,User09510,employee09510@example.com,9000009510,2021-05-25,Engineering,Software Engineer,USD,ACTIVE,E000951,true,49510,8000009510
E009511,Emp09511,User09511,employee09511@example.com,9000009511,2021-05-26,Finance,Analyst,USD,ACTIVE,E000952,true,49511,8000009511
E009512,Emp09512,User09512,employee09512@example.com,9000009512,2021-05-27,HR,Manager,USD,ACTIVE,E000952,true,49512,8000009512
E009513,Emp09513,User09513,employee09513@example.com,9000009513,2021-05-28,Marketing,Developer,USD,ACTIVE,E000952,true,49513,8000009513
E009514,Emp09514,User09514,employee09514@example.com,9000009514,2021-05-29,Operations,Specialist,USD,ACTIVE,E000952,true,49514,8000009514
E009515,Emp09515,User09515,employee09515@example.com,9000009515,2021-05-30,Engineering,Software Engineer,USD,ACTIVE,E000952,true,49515,8000009515
E009516,Emp09516,User09516,employee09516@example.com,9000009516,2021-05-31,Finance,Analyst,USD,ACTIVE,E000952,true,49516,8000009516
E009517,Emp09517,User09517,employee09517@example.com,9000009517,2021-06-01,HR,Manager,USD,ACTIVE,E000952,true,49517,8000009517
E009518,Emp09518,User09518,employee09518@example.com,9000009518,2021-06-02,Marketing,Developer,USD,ACTIVE,E000952,true,49518,8000009518
E009519,Emp09519,User09519,employee09519@example.com,9000009519,2021-06-03,Operations,Specialist,USD,ACTIVE,E000952,true,49519,8000009519
E009520,Emp09520,User09520,employee09520@example.com,9000009520,2021-06-04,Engineering,Software Engineer,USD,ACTIVE,E000952,true,49520,8000009520
E009521,Emp09521,User09521,employee09521@example.com,9000009521,2021-06-05,Finance,Analyst,USD,ACTIVE,E000953,true,49521,8000009521
E009522,Emp09522,User09522,employee09522@example.com,9000009522,2021-06-06,HR,Manager,USD,ACTIVE,E000953,true,49522,8000009522
E009523,Emp09523,User09523,employee09523@example.com,9000009523,2021-06-07,Marketing,Developer,USD,ACTIVE,E000953,true,49523,8000009523
E009524,Emp09524,User09524,employee09524@example.com,9000009524,2021-06-08,Operations,Specialist,USD,ACTIVE,E000953,true,49524,8000009524
E009525,Emp09525,User09525,employee09525@example.com,9000009525,2021-06-09,Engineering,Software Engineer,USD,ACTIVE,E000953,true,49525,8000009525
E009526,Emp09526,User09526,employee09526@example.com,9000009526,2021-06-10,Finance,Analyst,USD,ACTIVE,E000953,true,49526,8000009526
E009527,Emp09527,User09527,employee09527@example.com,9000009527,2021-06-11,HR,Manager,USD,ACTIVE,E000953,true,49527,8000009527
E009528,Emp09528,User09528,employee09528@example.com,9000009528,2021-06-12,Marketing,Developer,USD,ACTIVE,E000953,true,49528,8000009528
E009529,Emp09529,User09529,employee09529@example.com,9000009529,2021-06-13,Operations,Specialist,USD,ACTIVE,E000953,true,49529,8000009529
E009530,Emp09530,User09530,employee09530@example.com,9000009530,2021-06-14,Engineering,Software Engineer,USD,ACTIVE,E000953,true,49530,8000009530
E009531,Emp09531,User09531,employee09531@example.com,9000009531,2021-06-15,Finance,Analyst,USD,ACTIVE,E000954,true,49531,8000009531
E009532,Emp09532,User09532,employee09532@example.com,9000009532,2021-06-16,HR,Manager,USD,ACTIVE,E000954,true,49532,8000009532
E009533,Emp09533,User09533,employee09533@example.com,9000009533,2021-06-17,Marketing,Developer,USD,ACTIVE,E000954,true,49533,8000009533
E009534,Emp09534,User09534,employee09534@example.com,9000009534,2021-06-18,Operations,Specialist,USD,ACTIVE,E000954,true,49534,8000009534
E009535,Emp09535,User09535,employee09535@example.com,9000009535,2021-06-19,Engineering,Software Engineer,USD,ACTIVE,E000954,true,49535,8000009535
E009536,Emp09536,User09536,employee09536@example.com,9000009536,2021-06-20,Finance,Analyst,USD,ACTIVE,E000954,true,49536,8000009536
E009537,Emp09537,User09537,employee09537@example.com,9000009537,2021-06-21,HR,Manager,USD,ACTIVE,E000954,true,49537,8000009537
E009538,Emp09538,User09538,employee09538@example.com,9000009538,2021-06-22,Marketing,Developer,USD,ACTIVE,E000954,true,49538,8000009538
E009539,Emp09539,User09539,employee09539@example.com,9000009539,2021-06-23,Operations,Specialist,USD,ACTIVE,E000954,true,49539,8000009539
E009540,Emp09540,User09540,employee09540@example.com,9000009540,2021-06-24,Engineering,Software Engineer,USD,ACTIVE,E000954,true,49540,8000009540
E009541,Emp09541,User09541,employee09541@example.com,9000009541,2021-06-25,Finance,Analyst,USD,ACTIVE,E000955,true,49541,8000009541
E009542,Emp09542,User09542,employee09542@example.com,9000009542,2021-06-26,HR,Manager,USD,ACTIVE,E000955,true,49542,8000009542
E009543,Emp09543,User09543,employee09543@example.com,9000009543,2021-06-27,Marketing,Developer,USD,ACTIVE,E000955,true,49543,8000009543
E009544,Emp09544,User09544,employee09544@example.com,9000009544,2021-06-28,Operations,Specialist,USD,ACTIVE,E000955,true,49544,8000009544
E009545,Emp09545,User09545,employee09545@example.com,9000009545,2021-06-29,Engineering,Software Engineer,USD,ACTIVE,E000955,true,49545,8000009545
E009546,Emp09546,User09546,employee09546@example.com,9000009546,2021-06-30,Finance,Analyst,USD,ACTIVE,E000955,true,49546,8000009546
E009547,Emp09547,User09547,employee09547@example.com,9000009547,2021-07-01,HR,Manager,USD,ACTIVE,E000955,true,49547,8000009547
E009548,Emp09548,User09548,employee09548@example.com,9000009548,2021-07-02,Marketing,Developer,USD,ACTIVE,E000955,true,49548,8000009548
E009549,Emp09549,User09549,employee09549@example.com,9000009549,2021-07-03,Operations,Specialist,USD,ACTIVE,E000955,true,49549,8000009549
E009550,Emp09550,User09550,employee09550@example.com,9000009550,2021-07-04,Engineering,Software Engineer,USD,ACTIVE,E000955,true,49550,8000009550
E009551,Emp09551,User09551,employee09551@example.com,9000009551,2021-07-05,Finance,Analyst,USD,ACTIVE,E000956,true,49551,8000009551
E009552,Emp09552,User09552,employee09552@example.com,9000009552,2021-07-06,HR,Manager,USD,ACTIVE,E000956,true,49552,8000009552
E009553,Emp09553,User09553,employee09553@example.com,9000009553,2021-07-07,Marketing,Developer,USD,ACTIVE,E000956,true,49553,8000009553
E009554,Emp09554,User09554,employee09554@example.com,9000009554,2021-07-08,Operations,Specialist,USD,ACTIVE,E000956,true,49554,8000009554
E009555,Emp09555,User09555,employee09555@example.com,9000009555,2021-07-09,Engineering,Software Engineer,USD,ACTIVE,E000956,true,49555,8000009555
E009556,Emp09556,User09556,employee09556@example.com,9000009556,2021-07-10,Finance,Analyst,USD,ACTIVE,E000956,true,49556,8000009556
E009557,Emp09557,User09557,employee09557@example.com,9000009557,2021-07-11,HR,Manager,USD,ACTIVE,E000956,true,49557,8000009557
E009558,Emp09558,User09558,employee09558@example.com,9000009558,2021-07-12,Marketing,Developer,USD,ACTIVE,E000956,true,49558,8000009558
E009559,Emp09559,User09559,employee09559@example.com,9000009559,2021-07-13,Operations,Specialist,USD,ACTIVE,E000956,true,49559,8000009559
E009560,Emp09560,User09560,employee09560@example.com,9000009560,2021-07-14,Engineering,Software Engineer,USD,ACTIVE,E000956,true,49560,8000009560
E009561,Emp09561,User09561,employee09561@example.com,9000009561,2021-07-15,Finance,Analyst,USD,ACTIVE,E000957,true,49561,8000009561
E009562,Emp09562,User09562,employee09562@example.com,9000009562,2021-07-16,HR,Manager,USD,ACTIVE,E000957,true,49562,8000009562
E009563,Emp09563,User09563,employee09563@example.com,9000009563,2021-07-17,Marketing,Developer,USD,ACTIVE,E000957,true,49563,8000009563
E009564,Emp09564,User09564,employee09564@example.com,9000009564,2021-07-18,Operations,Specialist,USD,ACTIVE,E000957,true,49564,8000009564
E009565,Emp09565,User09565,employee09565@example.com,9000009565,2021-07-19,Engineering,Software Engineer,USD,ACTIVE,E000957,true,49565,8000009565
E009566,Emp09566,User09566,employee09566@example.com,9000009566,2021-07-20,Finance,Analyst,USD,ACTIVE,E000957,true,49566,8000009566
E009567,Emp09567,User09567,employee09567@example.com,9000009567,2021-07-21,HR,Manager,USD,ACTIVE,E000957,true,49567,8000009567
E009568,Emp09568,User09568,employee09568@example.com,9000009568,2021-07-22,Marketing,Developer,USD,ACTIVE,E000957,true,49568,8000009568
E009569,Emp09569,User09569,employee09569@example.com,9000009569,2021-07-23,Operations,Specialist,USD,ACTIVE,E000957,true,49569,8000009569
E009570,Emp09570,User09570,employee09570@example.com,9000009570,2021-07-24,Engineering,Software Engineer,USD,ACTIVE,E000957,true,49570,8000009570
E009571,Emp09571,User09571,employee09571@example.com,9000009571,2021-07-25,Finance,Analyst,USD,ACTIVE,E000958,true,49571,8000009571
E009572,Emp09572,User09572,employee09572@example.com,9000009572,2021-07-26,HR,Manager,USD,ACTIVE,E000958,true,49572,8000009572
E009573,Emp09573,User09573,employee09573@example.com,9000009573,2021-07-27,Marketing,Developer,USD,ACTIVE,E000958,true,49573,8000009573
E009574,Emp09574,User09574,employee09574@example.com,9000009574,2021-07-28,Operations,Specialist,USD,ACTIVE,E000958,true,49574,8000009574
E009575,Emp09575,User09575,employee09575@example.com,9000009575,2021-07-29,Engineering,Software Engineer,USD,ACTIVE,E000958,true,49575,8000009575
E009576,Emp09576,User09576,employee09576@example.com,9000009576,2021-07-30,Finance,Analyst,USD,ACTIVE,E000958,true,49576,8000009576
E009577,Emp09577,User09577,employee09577@example.com,9000009577,2021-07-31,HR,Manager,USD,ACTIVE,E000958,true,49577,8000009577
E009578,Emp09578,User09578,employee09578@example.com,9000009578,2021-08-01,Marketing,Developer,USD,ACTIVE,E000958,true,49578,8000009578
E009579,Emp09579,User09579,employee09579@example.com,9000009579,2021-08-02,Operations,Specialist,USD,ACTIVE,E000958,true,49579,8000009579
E009580,Emp09580,User09580,employee09580@example.com,9000009580,2021-08-03,Engineering,Software Engineer,USD,ACTIVE,E000958,true,49580,8000009580
E009581,Emp09581,User09581,employee09581@example.com,9000009581,2021-08-04,Finance,Analyst,USD,ACTIVE,E000959,true,49581,8000009581
E009582,Emp09582,User09582,employee09582@example.com,9000009582,2021-08-05,HR,Manager,USD,ACTIVE,E000959,true,49582,8000009582
E009583,Emp09583,User09583,employee09583@example.com,9000009583,2021-08-06,Marketing,Developer,USD,ACTIVE,E000959,true,49583,8000009583
E009584,Emp09584,User09584,employee09584@example.com,9000009584,2021-08-07,Operations,Specialist,USD,ACTIVE,E000959,true,49584,8000009584
E009585,Emp09585,User09585,employee09585@example.com,9000009585,2021-08-08,Engineering,Software Engineer,USD,ACTIVE,E000959,true,49585,8000009585
E009586,Emp09586,User09586,employee09586@example.com,9000009586,2021-08-09,Finance,Analyst,USD,ACTIVE,E000959,true,49586,8000009586
E009587,Emp09587,User09587,employee09587@example.com,9000009587,2021-08-10,HR,Manager,USD,ACTIVE,E000959,true,49587,8000009587
E009588,Emp09588,User09588,employee09588@example.com,9000009588,2021-08-11,Marketing,Developer,USD,ACTIVE,E000959,true,49588,8000009588
E009589,Emp09589,User09589,employee09589@example.com,9000009589,2021-08-12,Operations,Specialist,USD,ACTIVE,E000959,true,49589,8000009589
E009590,Emp09590,User09590,employee09590@example.com,9000009590,2021-08-13,Engineering,Software Engineer,USD,ACTIVE,E000959,true,49590,8000009590
E009591,Emp09591,User09591,employee09591@example.com,9000009591,2021-08-14,Finance,Analyst,USD,ACTIVE,E000960,true,49591,8000009591
E009592,Emp09592,User09592,employee09592@example.com,9000009592,2021-08-15,HR,Manager,USD,ACTIVE,E000960,true,49592,8000009592
E009593,Emp09593,User09593,employee09593@example.com,9000009593,2021-08-16,Marketing,Developer,USD,ACTIVE,E000960,true,49593,8000009593
E009594,Emp09594,User09594,employee09594@example.com,9000009594,2021-08-17,Operations,Specialist,USD,ACTIVE,E000960,true,49594,8000009594
E009595,Emp09595,User09595,employee09595@example.com,9000009595,2021-08-18,Engineering,Software Engineer,USD,ACTIVE,E000960,true,49595,8000009595
E009596,Emp09596,User09596,employee09596@example.com,9000009596,2021-08-19,Finance,Analyst,USD,ACTIVE,E000960,true,49596,8000009596
E009597,Emp09597,User09597,employee09597@example.com,9000009597,2021-08-20,HR,Manager,USD,ACTIVE,E000960,true,49597,8000009597
E009598,Emp09598,User09598,employee09598@example.com,9000009598,2021-08-21,Marketing,Developer,USD,ACTIVE,E000960,true,49598,8000009598
E009599,Emp09599,User09599,employee09599@example.com,9000009599,2021-08-22,Operations,Specialist,USD,ACTIVE,E000960,true,49599,8000009599
E009600,Emp09600,User09600,employee09600@example.com,9000009600,2021-08-23,Engineering,Software Engineer,USD,ACTIVE,E000960,true,49600,8000009600
E009601,Emp09601,User09601,employee09601@example.com,9000009601,2021-08-24,Finance,Analyst,USD,ACTIVE,E000961,true,49601,8000009601
E009602,Emp09602,User09602,employee09602@example.com,9000009602,2021-08-25,HR,Manager,USD,ACTIVE,E000961,true,49602,8000009602
E009603,Emp09603,User09603,employee09603@example.com,9000009603,2021-08-26,Marketing,Developer,USD,ACTIVE,E000961,true,49603,8000009603
E009604,Emp09604,User09604,employee09604@example.com,9000009604,2021-08-27,Operations,Specialist,USD,ACTIVE,E000961,true,49604,8000009604
E009605,Emp09605,User09605,employee09605@example.com,9000009605,2021-08-28,Engineering,Software Engineer,USD,ACTIVE,E000961,true,49605,8000009605
E009606,Emp09606,User09606,employee09606@example.com,9000009606,2021-08-29,Finance,Analyst,USD,ACTIVE,E000961,true,49606,8000009606
E009607,Emp09607,User09607,employee09607@example.com,9000009607,2021-08-30,HR,Manager,USD,ACTIVE,E000961,true,49607,8000009607
E009608,Emp09608,User09608,employee09608@example.com,9000009608,2021-08-31,Marketing,Developer,USD,ACTIVE,E000961,true,49608,8000009608
E009609,Emp09609,User09609,employee09609@example.com,9000009609,2021-09-01,Operations,Specialist,USD,ACTIVE,E000961,true,49609,8000009609
E009610,Emp09610,User09610,employee09610@example.com,9000009610,2021-09-02,Engineering,Software Engineer,USD,ACTIVE,E000961,true,49610,8000009610
E009611,Emp09611,User09611,employee09611@example.com,9000009611,2021-09-03,Finance,Analyst,USD,ACTIVE,E000962,true,49611,8000009611
E009612,Emp09612,User09612,employee09612@example.com,9000009612,2021-09-04,HR,Manager,USD,ACTIVE,E000962,true,49612,8000009612
E009613,Emp09613,User09613,employee09613@example.com,9000009613,2021-09-05,Marketing,Developer,USD,ACTIVE,E000962,true,49613,8000009613
E009614,Emp09614,User09614,employee09614@example.com,9000009614,2021-09-06,Operations,Specialist,USD,ACTIVE,E000962,true,49614,8000009614
E009615,Emp09615,User09615,employee09615@example.com,9000009615,2021-09-07,Engineering,Software Engineer,USD,ACTIVE,E000962,true,49615,8000009615
E009616,Emp09616,User09616,employee09616@example.com,9000009616,2021-09-08,Finance,Analyst,USD,ACTIVE,E000962,true,49616,8000009616
E009617,Emp09617,User09617,employee09617@example.com,9000009617,2021-09-09,HR,Manager,USD,ACTIVE,E000962,true,49617,8000009617
E009618,Emp09618,User09618,employee09618@example.com,9000009618,2021-09-10,Marketing,Developer,USD,ACTIVE,E000962,true,49618,8000009618
E009619,Emp09619,User09619,employee09619@example.com,9000009619,2021-09-11,Operations,Specialist,USD,ACTIVE,E000962,true,49619,8000009619
E009620,Emp09620,User09620,employee09620@example.com,9000009620,2021-09-12,Engineering,Software Engineer,USD,ACTIVE,E000962,true,49620,8000009620
E009621,Emp09621,User09621,employee09621@example.com,9000009621,2021-09-13,Finance,Analyst,USD,ACTIVE,E000963,true,49621,8000009621
E009622,Emp09622,User09622,employee09622@example.com,9000009622,2021-09-14,HR,Manager,USD,ACTIVE,E000963,true,49622,8000009622
E009623,Emp09623,User09623,employee09623@example.com,9000009623,2021-09-15,Marketing,Developer,USD,ACTIVE,E000963,true,49623,8000009623
E009624,Emp09624,User09624,employee09624@example.com,9000009624,2021-09-16,Operations,Specialist,USD,ACTIVE,E000963,true,49624,8000009624
E009625,Emp09625,User09625,employee09625@example.com,9000009625,2021-09-17,Engineering,Software Engineer,USD,ACTIVE,E000963,true,49625,8000009625
E009626,Emp09626,User09626,employee09626@example.com,9000009626,2021-09-18,Finance,Analyst,USD,ACTIVE,E000963,true,49626,8000009626
E009627,Emp09627,User09627,employee09627@example.com,9000009627,2021-09-19,HR,Manager,USD,ACTIVE,E000963,true,49627,8000009627
E009628,Emp09628,User09628,employee09628@example.com,9000009628,2021-09-20,Marketing,Developer,USD,ACTIVE,E000963,true,49628,8000009628
E009629,Emp09629,User09629,employee09629@example.com,9000009629,2021-09-21,Operations,Specialist,USD,ACTIVE,E000963,true,49629,8000009629
E009630,Emp09630,User09630,employee09630@example.com,9000009630,2021-09-22,Engineering,Software Engineer,USD,ACTIVE,E000963,true,49630,8000009630
E009631,Emp09631,User09631,employee09631@example.com,9000009631,2021-09-23,Finance,Analyst,USD,ACTIVE,E000964,true,49631,8000009631
E009632,Emp09632,User09632,employee09632@example.com,9000009632,2021-09-24,HR,Manager,USD,ACTIVE,E000964,true,49632,8000009632
E009633,Emp09633,User09633,employee09633@example.com,9000009633,2021-09-25,Marketing,Developer,USD,ACTIVE,E000964,true,49633,8000009633
E009634,Emp09634,User09634,employee09634@example.com,9000009634,2021-09-26,Operations,Specialist,USD,ACTIVE,E000964,true,49634,8000009634
E009635,Emp09635,User09635,employee09635@example.com,9000009635,2021-09-27,Engineering,Software Engineer,USD,ACTIVE,E000964,true,49635,8000009635
E009636,Emp09636,User09636,employee09636@example.com,9000009636,2021-09-28,Finance,Analyst,USD,ACTIVE,E000964,true,49636,8000009636
E009637,Emp09637,User09637,employee09637@example.com,9000009637,2021-09-29,HR,Manager,USD,ACTIVE,E000964,true,49637,8000009637
E009638,Emp09638,User09638,employee09638@example.com,9000009638,2021-09-30,Marketing,Developer,USD,ACTIVE,E000964,true,49638,8000009638
E009639,Emp09639,User09639,employee09639@example.com,9000009639,2021-10-01,Operations,Specialist,USD,ACTIVE,E000964,true,49639,8000009639
E009640,Emp09640,User09640,employee09640@example.com,9000009640,2021-10-02,Engineering,Software Engineer,USD,ACTIVE,E000964,true,49640,8000009640
E009641,Emp09641,User09641,employee09641@example.com,9000009641,2021-10-03,Finance,Analyst,USD,ACTIVE,E000965,true,49641,8000009641
E009642,Emp09642,User09642,employee09642@example.com,9000009642,2021-10-04,HR,Manager,USD,ACTIVE,E000965,true,49642,8000009642
E009643,Emp09643,User09643,employee09643@example.com,9000009643,2021-10-05,Marketing,Developer,USD,ACTIVE,E000965,true,49643,8000009643
E009644,Emp09644,User09644,employee09644@example.com,9000009644,2021-10-06,Operations,Specialist,USD,ACTIVE,E000965,true,49644,8000009644
E009645,Emp09645,User09645,employee09645@example.com,9000009645,2021-10-07,Engineering,Software Engineer,USD,ACTIVE,E000965,true,49645,8000009645
E009646,Emp09646,User09646,employee09646@example.com,9000009646,2021-10-08,Finance,Analyst,USD,ACTIVE,E000965,true,49646,8000009646
E009647,Emp09647,User09647,employee09647@example.com,9000009647,2021-10-09,HR,Manager,USD,ACTIVE,E000965,true,49647,8000009647
E009648,Emp09648,User09648,employee09648@example.com,9000009648,2021-10-10,Marketing,Developer,USD,ACTIVE,E000965,true,49648,8000009648
E009649,Emp09649,User09649,employee09649@example.com,9000009649,2021-10-11,Operations,Specialist,USD,ACTIVE,E000965,true,49649,8000009649
E009650,Emp09650,User09650,employee09650@example.com,9000009650,2021-10-12,Engineering,Software Engineer,USD,ACTIVE,E000965,true,49650,8000009650
E009651,Emp09651,User09651,employee09651@example.com,9000009651,2021-10-13,Finance,Analyst,USD,ACTIVE,E000966,true,49651,8000009651
E009652,Emp09652,User09652,employee09652@example.com,9000009652,2021-10-14,HR,Manager,USD,ACTIVE,E000966,true,49652,8000009652
E009653,Emp09653,User09653,employee09653@example.com,9000009653,2021-10-15,Marketing,Developer,USD,ACTIVE,E000966,true,49653,8000009653
E009654,Emp09654,User09654,employee09654@example.com,9000009654,2021-10-16,Operations,Specialist,USD,ACTIVE,E000966,true,49654,8000009654
E009655,Emp09655,User09655,employee09655@example.com,9000009655,2021-10-17,Engineering,Software Engineer,USD,ACTIVE,E000966,true,49655,8000009655
E009656,Emp09656,User09656,employee09656@example.com,9000009656,2021-10-18,Finance,Analyst,USD,ACTIVE,E000966,true,49656,8000009656
E009657,Emp09657,User09657,employee09657@example.com,9000009657,2021-10-19,HR,Manager,USD,ACTIVE,E000966,true,49657,8000009657
E009658,Emp09658,User09658,employee09658@example.com,9000009658,2021-10-20,Marketing,Developer,USD,ACTIVE,E000966,true,49658,8000009658
E009659,Emp09659,User09659,employee09659@example.com,9000009659,2021-10-21,Operations,Specialist,USD,ACTIVE,E000966,true,49659,8000009659
E009660,Emp09660,User09660,employee09660@example.com,9000009660,2021-10-22,Engineering,Software Engineer,USD,ACTIVE,E000966,true,49660,8000009660
E009661,Emp09661,User09661,employee09661@example.com,9000009661,2021-10-23,Finance,Analyst,USD,ACTIVE,E000967,true,49661,8000009661
E009662,Emp09662,User09662,employee09662@example.com,9000009662,2021-10-24,HR,Manager,USD,ACTIVE,E000967,true,49662,8000009662
E009663,Emp09663,User09663,employee09663@example.com,9000009663,2021-10-25,Marketing,Developer,USD,ACTIVE,E000967,true,49663,8000009663
E009664,Emp09664,User09664,employee09664@example.com,9000009664,2021-10-26,Operations,Specialist,USD,ACTIVE,E000967,true,49664,8000009664
E009665,Emp09665,User09665,employee09665@example.com,9000009665,2021-10-27,Engineering,Software Engineer,USD,ACTIVE,E000967,true,49665,8000009665
E009666,Emp09666,User09666,employee09666@example.com,9000009666,2021-10-28,Finance,Analyst,USD,ACTIVE,E000967,true,49666,8000009666
E009667,Emp09667,User09667,employee09667@example.com,9000009667,2021-10-29,HR,Manager,USD,ACTIVE,E000967,true,49667,8000009667
E009668,Emp09668,User09668,employee09668@example.com,9000009668,2021-10-30,Marketing,Developer,USD,ACTIVE,E000967,true,49668,8000009668
E009669,Emp09669,User09669,employee09669@example.com,9000009669,2021-10-31,Operations,Specialist,USD,ACTIVE,E000967,true,49669,8000009669
E009670,Emp09670,User09670,employee09670@example.com,9000009670,2021-11-01,Engineering,Software Engineer,USD,ACTIVE,E000967,true,49670,8000009670
E009671,Emp09671,User09671,employee09671@example.com,9000009671,2021-11-02,Finance,Analyst,USD,ACTIVE,E000968,true,49671,8000009671
E009672,Emp09672,User09672,employee09672@example.com,9000009672,2021-11-03,HR,Manager,USD,ACTIVE,E000968,true,49672,8000009672
E009673,Emp09673,User09673,employee09673@example.com,9000009673,2021-11-04,Marketing,Developer,USD,ACTIVE,E000968,true,49673,8000009673
E009674,Emp09674,User09674,employee09674@example.com,9000009674,2021-11-05,Operations,Specialist,USD,ACTIVE,E000968,true,49674,8000009674
E009675,Emp09675,User09675,employee09675@example.com,9000009675,2021-11-06,Engineering,Software Engineer,USD,ACTIVE,E000968,true,49675,8000009675
E009676,Emp09676,User09676,employee09676@example.com,9000009676,2021-11-07,Finance,Analyst,USD,ACTIVE,E000968,true,49676,8000009676
E009677,Emp09677,User09677,employee09677@example.com,9000009677,2021-11-08,HR,Manager,USD,ACTIVE,E000968,true,49677,8000009677
E009678,Emp09678,User09678,employee09678@example.com,9000009678,2021-11-09,Marketing,Developer,USD,ACTIVE,E000968,true,49678,8000009678
E009679,Emp09679,User09679,employee09679@example.com,9000009679,2021-11-10,Operations,Specialist,USD,ACTIVE,E000968,true,49679,8000009679
E009680,Emp09680,User09680,employee09680@example.com,9000009680,2021-11-11,Engineering,Software Engineer,USD,ACTIVE,E000968,true,49680,8000009680
E009681,Emp09681,User09681,employee09681@example.com,9000009681,2021-11-12,Finance,Analyst,USD,ACTIVE,E000969,true,49681,8000009681
E009682,Emp09682,User09682,employee09682@example.com,9000009682,2021-11-13,HR,Manager,USD,ACTIVE,E000969,true,49682,8000009682
E009683,Emp09683,User09683,employee09683@example.com,9000009683,2021-11-14,Marketing,Developer,USD,ACTIVE,E000969,true,49683,8000009683
E009684,Emp09684,User09684,employee09684@example.com,9000009684,2021-11-15,Operations,Specialist,USD,ACTIVE,E000969,true,49684,8000009684
E009685,Emp09685,User09685,employee09685@example.com,9000009685,2021-11-16,Engineering,Software Engineer,USD,ACTIVE,E000969,true,49685,8000009685
E009686,Emp09686,User09686,employee09686@example.com,9000009686,2021-11-17,Finance,Analyst,USD,ACTIVE,E000969,true,49686,8000009686
E009687,Emp09687,User09687,employee09687@example.com,9000009687,2021-11-18,HR,Manager,USD,ACTIVE,E000969,true,49687,8000009687
E009688,Emp09688,User09688,employee09688@example.com,9000009688,2021-11-19,Marketing,Developer,USD,ACTIVE,E000969,true,49688,8000009688
E009689,Emp09689,User09689,employee09689@example.com,9000009689,2021-11-20,Operations,Specialist,USD,ACTIVE,E000969,true,49689,8000009689
E009690,Emp09690,User09690,employee09690@example.com,9000009690,2021-11-21,Engineering,Software Engineer,USD,ACTIVE,E000969,true,49690,8000009690
E009691,Emp09691,User09691,employee09691@example.com,9000009691,2021-11-22,Finance,Analyst,USD,ACTIVE,E000970,true,49691,8000009691
E009692,Emp09692,User09692,employee09692@example.com,9000009692,2021-11-23,HR,Manager,USD,ACTIVE,E000970,true,49692,8000009692
E009693,Emp09693,User09693,employee09693@example.com,9000009693,2021-11-24,Marketing,Developer,USD,ACTIVE,E000970,true,49693,8000009693
E009694,Emp09694,User09694,employee09694@example.com,9000009694,2021-11-25,Operations,Specialist,USD,ACTIVE,E000970,true,49694,8000009694
E009695,Emp09695,User09695,employee09695@example.com,9000009695,2021-11-26,Engineering,Software Engineer,USD,ACTIVE,E000970,true,49695,8000009695
E009696,Emp09696,User09696,employee09696@example.com,9000009696,2021-11-27,Finance,Analyst,USD,ACTIVE,E000970,true,49696,8000009696
E009697,Emp09697,User09697,employee09697@example.com,9000009697,2021-11-28,HR,Manager,USD,ACTIVE,E000970,true,49697,8000009697
E009698,Emp09698,User09698,employee09698@example.com,9000009698,2021-11-29,Marketing,Developer,USD,ACTIVE,E000970,true,49698,8000009698
E009699,Emp09699,User09699,employee09699@example.com,9000009699,2021-11-30,Operations,Specialist,USD,ACTIVE,E000970,true,49699,8000009699
E009700,Emp09700,User09700,employee09700@example.com,9000009700,2021-12-01,Engineering,Software Engineer,USD,ACTIVE,E000970,true,49700,8000009700
E009701,Emp09701,User09701,employee09701@example.com,9000009701,2021-12-02,Finance,Analyst,USD,ACTIVE,E000971,true,49701,8000009701
E009702,Emp09702,User09702,employee09702@example.com,9000009702,2021-12-03,HR,Manager,USD,ACTIVE,E000971,true,49702,8000009702
E009703,Emp09703,User09703,employee09703@example.com,9000009703,2021-12-04,Marketing,Developer,USD,ACTIVE,E000971,true,49703,8000009703
E009704,Emp09704,User09704,employee09704@example.com,9000009704,2021-12-05,Operations,Specialist,USD,ACTIVE,E000971,true,49704,8000009704
E009705,Emp09705,User09705,employee09705@example.com,9000009705,2021-12-06,Engineering,Software Engineer,USD,ACTIVE,E000971,true,49705,8000009705
E009706,Emp09706,User09706,employee09706@example.com,9000009706,2021-12-07,Finance,Analyst,USD,ACTIVE,E000971,true,49706,8000009706
E009707,Emp09707,User09707,employee09707@example.com,9000009707,2021-12-08,HR,Manager,USD,ACTIVE,E000971,true,49707,8000009707
E009708,Emp09708,User09708,employee09708@example.com,9000009708,2021-12-09,Marketing,Developer,USD,ACTIVE,E000971,true,49708,8000009708
E009709,Emp09709,User09709,employee09709@example.com,9000009709,2021-12-10,Operations,Specialist,USD,ACTIVE,E000971,true,49709,8000009709
E009710,Emp09710,User09710,employee09710@example.com,9000009710,2021-12-11,Engineering,Software Engineer,USD,ACTIVE,E000971,true,49710,8000009710
E009711,Emp09711,User09711,employee09711@example.com,9000009711,2021-12-12,Finance,Analyst,USD,ACTIVE,E000972,true,49711,8000009711
E009712,Emp09712,User09712,employee09712@example.com,9000009712,2021-12-13,HR,Manager,USD,ACTIVE,E000972,true,49712,8000009712
E009713,Emp09713,User09713,employee09713@example.com,9000009713,2021-12-14,Marketing,Developer,USD,ACTIVE,E000972,true,49713,8000009713
E009714,Emp09714,User09714,employee09714@example.com,9000009714,2021-12-15,Operations,Specialist,USD,ACTIVE,E000972,true,49714,8000009714
E009715,Emp09715,User09715,employee09715@example.com,9000009715,2021-12-16,Engineering,Software Engineer,USD,ACTIVE,E000972,true,49715,8000009715
E009716,Emp09716,User09716,employee09716@example.com,9000009716,2021-12-17,Finance,Analyst,USD,ACTIVE,E000972,true,49716,8000009716
E009717,Emp09717,User09717,employee09717@example.com,9000009717,2021-12-18,HR,Manager,USD,ACTIVE,E000972,true,49717,8000009717
E009718,Emp09718,User09718,employee09718@example.com,9000009718,2021-12-19,Marketing,Developer,USD,ACTIVE,E000972,true,49718,8000009718
E009719,Emp09719,User09719,employee09719@example.com,9000009719,2021-12-20,Operations,Specialist,USD,ACTIVE,E000972,true,49719,8000009719
E009720,Emp09720,User09720,employee09720@example.com,9000009720,2021-12-21,Engineering,Software Engineer,USD,ACTIVE,E000972,true,49720,8000009720
E009721,Emp09721,User09721,employee09721@example.com,9000009721,2021-12-22,Finance,Analyst,USD,ACTIVE,E000973,true,49721,8000009721
E009722,Emp09722,User09722,employee09722@example.com,9000009722,2021-12-23,HR,Manager,USD,ACTIVE,E000973,true,49722,8000009722
E009723,Emp09723,User09723,employee09723@example.com,9000009723,2021-12-24,Marketing,Developer,USD,ACTIVE,E000973,true,49723,8000009723
E009724,Emp09724,User09724,employee09724@example.com,9000009724,2021-12-25,Operations,Specialist,USD,ACTIVE,E000973,true,49724,8000009724
E009725,Emp09725,User09725,employee09725@example.com,9000009725,2021-12-26,Engineering,Software Engineer,USD,ACTIVE,E000973,true,49725,8000009725
E009726,Emp09726,User09726,employee09726@example.com,9000009726,2021-12-27,Finance,Analyst,USD,ACTIVE,E000973,true,49726,8000009726
E009727,Emp09727,User09727,employee09727@example.com,9000009727,2021-12-28,HR,Manager,USD,ACTIVE,E000973,true,49727,8000009727
E009728,Emp09728,User09728,employee09728@example.com,9000009728,2021-12-29,Marketing,Developer,USD,ACTIVE,E000973,true,49728,8000009728
E009729,Emp09729,User09729,employee09729@example.com,9000009729,2021-12-30,Operations,Specialist,USD,ACTIVE,E000973,true,49729,8000009729
E009730,Emp09730,User09730,employee09730@example.com,9000009730,2021-12-31,Engineering,Software Engineer,USD,ACTIVE,E000973,true,49730,8000009730
E009731,Emp09731,User09731,employee09731@example.com,9000009731,2022-01-01,Finance,Analyst,USD,ACTIVE,E000974,true,49731,8000009731
E009732,Emp09732,User09732,employee09732@example.com,9000009732,2022-01-02,HR,Manager,USD,ACTIVE,E000974,true,49732,8000009732
E009733,Emp09733,User09733,employee09733@example.com,9000009733,2022-01-03,Marketing,Developer,USD,ACTIVE,E000974,true,49733,8000009733
E009734,Emp09734,User09734,employee09734@example.com,9000009734,2022-01-04,Operations,Specialist,USD,ACTIVE,E000974,true,49734,8000009734
E009735,Emp09735,User09735,employee09735@example.com,9000009735,2022-01-05,Engineering,Software Engineer,USD,ACTIVE,E000974,true,49735,8000009735
E009736,Emp09736,User09736,employee09736@example.com,9000009736,2022-01-06,Finance,Analyst,USD,ACTIVE,E000974,true,49736,8000009736
E009737,Emp09737,User09737,employee09737@example.com,9000009737,2022-01-07,HR,Manager,USD,ACTIVE,E000974,true,49737,8000009737
E009738,Emp09738,User09738,employee09738@example.com,9000009738,2022-01-08,Marketing,Developer,USD,ACTIVE,E000974,true,49738,8000009738
E009739,Emp09739,User09739,employee09739@example.com,9000009739,2022-01-09,Operations,Specialist,USD,ACTIVE,E000974,true,49739,8000009739
E009740,Emp09740,User09740,employee09740@example.com,9000009740,2022-01-10,Engineering,Software Engineer,USD,ACTIVE,E000974,true,49740,8000009740
E009741,Emp09741,User09741,employee09741@example.com,9000009741,2022-01-11,Finance,Analyst,USD,ACTIVE,E000975,true,49741,8000009741
E009742,Emp09742,User09742,employee09742@example.com,9000009742,2022-01-12,HR,Manager,USD,ACTIVE,E000975,true,49742,8000009742
E009743,Emp09743,User09743,employee09743@example.com,9000009743,2022-01-13,Marketing,Developer,USD,ACTIVE,E000975,true,49743,8000009743
E009744,Emp09744,User09744,employee09744@example.com,9000009744,2022-01-14,Operations,Specialist,USD,ACTIVE,E000975,true,49744,8000009744
E009745,Emp09745,User09745,employee09745@example.com,9000009745,2022-01-15,Engineering,Software Engineer,USD,ACTIVE,E000975,true,49745,8000009745
E009746,Emp09746,User09746,employee09746@example.com,9000009746,2022-01-16,Finance,Analyst,USD,ACTIVE,E000975,true,49746,8000009746
E009747,Emp09747,User09747,employee09747@example.com,9000009747,2022-01-17,HR,Manager,USD,ACTIVE,E000975,true,49747,8000009747
E009748,Emp09748,User09748,employee09748@example.com,9000009748,2022-01-18,Marketing,Developer,USD,ACTIVE,E000975,true,49748,8000009748
E009749,Emp09749,User09749,employee09749@example.com,9000009749,2022-01-19,Operations,Specialist,USD,ACTIVE,E000975,true,49749,8000009749
E009750,Emp09750,User09750,employee09750@example.com,9000009750,2022-01-20,Engineering,Software Engineer,USD,ACTIVE,E000975,true,49750,8000009750
E009751,Emp09751,User09751,employee09751@example.com,9000009751,2022-01-21,Finance,Analyst,USD,ACTIVE,E000976,true,49751,8000009751
E009752,Emp09752,User09752,employee09752@example.com,9000009752,2022-01-22,HR,Manager,USD,ACTIVE,E000976,true,49752,8000009752
E009753,Emp09753,User09753,employee09753@example.com,9000009753,2022-01-23,Marketing,Developer,USD,ACTIVE,E000976,true,49753,8000009753
E009754,Emp09754,User09754,employee09754@example.com,9000009754,2022-01-24,Operations,Specialist,USD,ACTIVE,E000976,true,49754,8000009754
E009755,Emp09755,User09755,employee09755@example.com,9000009755,2022-01-25,Engineering,Software Engineer,USD,ACTIVE,E000976,true,49755,8000009755
E009756,Emp09756,User09756,employee09756@example.com,9000009756,2022-01-26,Finance,Analyst,USD,ACTIVE,E000976,true,49756,8000009756
E009757,Emp09757,User09757,employee09757@example.com,9000009757,2022-01-27,HR,Manager,USD,ACTIVE,E000976,true,49757,8000009757
E009758,Emp09758,User09758,employee09758@example.com,9000009758,2022-01-28,Marketing,Developer,USD,ACTIVE,E000976,true,49758,8000009758
E009759,Emp09759,User09759,employee09759@example.com,9000009759,2022-01-29,Operations,Specialist,USD,ACTIVE,E000976,true,49759,8000009759
E009760,Emp09760,User09760,employee09760@example.com,9000009760,2022-01-30,Engineering,Software Engineer,USD,ACTIVE,E000976,true,49760,8000009760
E009761,Emp09761,User09761,employee09761@example.com,9000009761,2022-01-31,Finance,Analyst,USD,ACTIVE,E000977,true,49761,8000009761
E009762,Emp09762,User09762,employee09762@example.com,9000009762,2022-02-01,HR,Manager,USD,ACTIVE,E000977,true,49762,8000009762
E009763,Emp09763,User09763,employee09763@example.com,9000009763,2022-02-02,Marketing,Developer,USD,ACTIVE,E000977,true,49763,8000009763
E009764,Emp09764,User09764,employee09764@example.com,9000009764,2022-02-03,Operations,Specialist,USD,ACTIVE,E000977,true,49764,8000009764
E009765,Emp09765,User09765,employee09765@example.com,9000009765,2022-02-04,Engineering,Software Engineer,USD,ACTIVE,E000977,true,49765,8000009765
E009766,Emp09766,User09766,employee09766@example.com,9000009766,2022-02-05,Finance,Analyst,USD,ACTIVE,E000977,true,49766,8000009766
E009767,Emp09767,User09767,employee09767@example.com,9000009767,2022-02-06,HR,Manager,USD,ACTIVE,E000977,true,49767,8000009767
E009768,Emp09768,User09768,employee09768@example.com,9000009768,2022-02-07,Marketing,Developer,USD,ACTIVE,E000977,true,49768,8000009768
E009769,Emp09769,User09769,employee09769@example.com,9000009769,2022-02-08,Operations,Specialist,USD,ACTIVE,E000977,true,49769,8000009769
E009770,Emp09770,User09770,employee09770@example.com,9000009770,2022-02-09,Engineering,Software Engineer,USD,ACTIVE,E000977,true,49770,8000009770
E009771,Emp09771,User09771,employee09771@example.com,9000009771,2022-02-10,Finance,Analyst,USD,ACTIVE,E000978,true,49771,8000009771
E009772,Emp09772,User09772,employee09772@example.com,9000009772,2022-02-11,HR,Manager,USD,ACTIVE,E000978,true,49772,8000009772
E009773,Emp09773,User09773,employee09773@example.com,9000009773,2022-02-12,Marketing,Developer,USD,ACTIVE,E000978,true,49773,8000009773
E009774,Emp09774,User09774,employee09774@example.com,9000009774,2022-02-13,Operations,Specialist,USD,ACTIVE,E000978,true,49774,8000009774
E009775,Emp09775,User09775,employee09775@example.com,9000009775,2022-02-14,Engineering,Software Engineer,USD,ACTIVE,E000978,true,49775,8000009775
E009776,Emp09776,User09776,employee09776@example.com,9000009776,2022-02-15,Finance,Analyst,USD,ACTIVE,E000978,true,49776,8000009776
E009777,Emp09777,User09777,employee09777@example.com,9000009777,2022-02-16,HR,Manager,USD,ACTIVE,E000978,true,49777,8000009777
E009778,Emp09778,User09778,employee09778@example.com,9000009778,2022-02-17,Marketing,Developer,USD,ACTIVE,E000978,true,49778,8000009778
E009779,Emp09779,User09779,employee09779@example.com,9000009779,2022-02-18,Operations,Specialist,USD,ACTIVE,E000978,true,49779,8000009779
E009780,Emp09780,User09780,employee09780@example.com,9000009780,2022-02-19,Engineering,Software Engineer,USD,ACTIVE,E000978,true,49780,8000009780
E009781,Emp09781,User09781,employee09781@example.com,9000009781,2022-02-20,Finance,Analyst,USD,ACTIVE,E000979,true,49781,8000009781
E009782,Emp09782,User09782,employee09782@example.com,9000009782,2022-02-21,HR,Manager,USD,ACTIVE,E000979,true,49782,8000009782
E009783,Emp09783,User09783,employee09783@example.com,9000009783,2022-02-22,Marketing,Developer,USD,ACTIVE,E000979,true,49783,8000009783
E009784,Emp09784,User09784,employee09784@example.com,9000009784,2022-02-23,Operations,Specialist,USD,ACTIVE,E000979,true,49784,8000009784
E009785,Emp09785,User09785,employee09785@example.com,9000009785,2022-02-24,Engineering,Software Engineer,USD,ACTIVE,E000979,true,49785,8000009785
E009786,Emp09786,User09786,employee09786@example.com,9000009786,2022-02-25,Finance,Analyst,USD,ACTIVE,E000979,true,49786,8000009786
E009787,Emp09787,User09787,employee09787@example.com,9000009787,2022-02-26,HR,Manager,USD,ACTIVE,E000979,true,49787,8000009787
E009788,Emp09788,User09788,employee09788@example.com,9000009788,2022-02-27,Marketing,Developer,USD,ACTIVE,E000979,true,49788,8000009788
E009789,Emp09789,User09789,employee09789@example.com,9000009789,2022-02-28,Operations,Specialist,USD,ACTIVE,E000979,true,49789,8000009789
E009790,Emp09790,User09790,employee09790@example.com,9000009790,2022-03-01,Engineering,Software Engineer,USD,ACTIVE,E000979,true,49790,8000009790
E009791,Emp09791,User09791,employee09791@example.com,9000009791,2022-03-02,Finance,Analyst,USD,ACTIVE,E000980,true,49791,8000009791
E009792,Emp09792,User09792,employee09792@example.com,9000009792,2022-03-03,HR,Manager,USD,ACTIVE,E000980,true,49792,8000009792
E009793,Emp09793,User09793,employee09793@example.com,9000009793,2022-03-04,Marketing,Developer,USD,ACTIVE,E000980,true,49793,8000009793
E009794,Emp09794,User09794,employee09794@example.com,9000009794,2022-03-05,Operations,Specialist,USD,ACTIVE,E000980,true,49794,8000009794
E009795,Emp09795,User09795,employee09795@example.com,9000009795,2022-03-06,Engineering,Software Engineer,USD,ACTIVE,E000980,true,49795,8000009795
E009796,Emp09796,User09796,employee09796@example.com,9000009796,2022-03-07,Finance,Analyst,USD,ACTIVE,E000980,true,49796,8000009796
E009797,Emp09797,User09797,employee09797@example.com,9000009797,2022-03-08,HR,Manager,USD,ACTIVE,E000980,true,49797,8000009797
E009798,Emp09798,User09798,employee09798@example.com,9000009798,2022-03-09,Marketing,Developer,USD,ACTIVE,E000980,true,49798,8000009798
E009799,Emp09799,User09799,employee09799@example.com,9000009799,2022-03-10,Operations,Specialist,USD,ACTIVE,E000980,true,49799,8000009799
E009800,Emp09800,User09800,employee09800@example.com,9000009800,2022-03-11,Engineering,Software Engineer,USD,ACTIVE,E000980,true,49800,8000009800
E009801,Emp09801,User09801,employee09801@example.com,9000009801,2022-03-12,Finance,Analyst,USD,ACTIVE,E000981,true,49801,8000009801
E009802,Emp09802,User09802,employee09802@example.com,9000009802,2022-03-13,HR,Manager,USD,ACTIVE,E000981,true,49802,8000009802
E009803,Emp09803,User09803,employee09803@example.com,9000009803,2022-03-14,Marketing,Developer,USD,ACTIVE,E000981,true,49803,8000009803
E009804,Emp09804,User09804,employee09804@example.com,9000009804,2022-03-15,Operations,Specialist,USD,ACTIVE,E000981,true,49804,8000009804
E009805,Emp09805,User09805,employee09805@example.com,9000009805,2022-03-16,Engineering,Software Engineer,USD,ACTIVE,E000981,true,49805,8000009805
E009806,Emp09806,User09806,employee09806@example.com,9000009806,2022-03-17,Finance,Analyst,USD,ACTIVE,E000981,true,49806,8000009806
E009807,Emp09807,User09807,employee09807@example.com,9000009807,2022-03-18,HR,Manager,USD,ACTIVE,E000981,true,49807,8000009807
E009808,Emp09808,User09808,employee09808@example.com,9000009808,2022-03-19,Marketing,Developer,USD,ACTIVE,E000981,true,49808,8000009808
E009809,Emp09809,User09809,employee09809@example.com,9000009809,2022-03-20,Operations,Specialist,USD,ACTIVE,E000981,true,49809,8000009809
E009810,Emp09810,User09810,employee09810@example.com,9000009810,2022-03-21,Engineering,Software Engineer,USD,ACTIVE,E000981,true,49810,8000009810
E009811,Emp09811,User09811,employee09811@example.com,9000009811,2022-03-22,Finance,Analyst,USD,ACTIVE,E000982,true,49811,8000009811
E009812,Emp09812,User09812,employee09812@example.com,9000009812,2022-03-23,HR,Manager,USD,ACTIVE,E000982,true,49812,8000009812
E009813,Emp09813,User09813,employee09813@example.com,9000009813,2022-03-24,Marketing,Developer,USD,ACTIVE,E000982,true,49813,8000009813
E009814,Emp09814,User09814,employee09814@example.com,9000009814,2022-03-25,Operations,Specialist,USD,ACTIVE,E000982,true,49814,8000009814
E009815,Emp09815,User09815,employee09815@example.com,9000009815,2022-03-26,Engineering,Software Engineer,USD,ACTIVE,E000982,true,49815,8000009815
E009816,Emp09816,User09816,employee09816@example.com,9000009816,2022-03-27,Finance,Analyst,USD,ACTIVE,E000982,true,49816,8000009816
E009817,Emp09817,User09817,employee09817@example.com,9000009817,2022-03-28,HR,Manager,USD,ACTIVE,E000982,true,49817,8000009817
E009818,Emp09818,User09818,employee09818@example.com,9000009818,2022-03-29,Marketing,Developer,USD,ACTIVE,E000982,true,49818,8000009818
E009819,Emp09819,User09819,employee09819@example.com,9000009819,2022-03-30,Operations,Specialist,USD,ACTIVE,E000982,true,49819,8000009819
E009820,Emp09820,User09820,employee09820@example.com,9000009820,2022-03-31,Engineering,Software Engineer,USD,ACTIVE,E000982,true,49820,8000009820
E009821,Emp09821,User09821,employee09821@example.com,9000009821,2022-04-01,Finance,Analyst,USD,ACTIVE,E000983,true,49821,8000009821
E009822,Emp09822,User09822,employee09822@example.com,9000009822,2022-04-02,HR,Manager,USD,ACTIVE,E000983,true,49822,8000009822
E009823,Emp09823,User09823,employee09823@example.com,9000009823,2022-04-03,Marketing,Developer,USD,ACTIVE,E000983,true,49823,8000009823
E009824,Emp09824,User09824,employee09824@example.com,9000009824,2022-04-04,Operations,Specialist,USD,ACTIVE,E000983,true,49824,8000009824
E009825,Emp09825,User09825,employee09825@example.com,9000009825,2022-04-05,Engineering,Software Engineer,USD,ACTIVE,E000983,true,49825,8000009825
E009826,Emp09826,User09826,employee09826@example.com,9000009826,2022-04-06,Finance,Analyst,USD,ACTIVE,E000983,true,49826,8000009826
E009827,Emp09827,User09827,employee09827@example.com,9000009827,2022-04-07,HR,Manager,USD,ACTIVE,E000983,true,49827,8000009827
E009828,Emp09828,User09828,employee09828@example.com,9000009828,2022-04-08,Marketing,Developer,USD,ACTIVE,E000983,true,49828,8000009828
E009829,Emp09829,User09829,employee09829@example.com,9000009829,2022-04-09,Operations,Specialist,USD,ACTIVE,E000983,true,49829,8000009829
E009830,Emp09830,User09830,employee09830@example.com,9000009830,2022-04-10,Engineering,Software Engineer,USD,ACTIVE,E000983,true,49830,8000009830
E009831,Emp09831,User09831,employee09831@example.com,9000009831,2022-04-11,Finance,Analyst,USD,ACTIVE,E000984,true,49831,8000009831
E009832,Emp09832,User09832,employee09832@example.com,9000009832,2022-04-12,HR,Manager,USD,ACTIVE,E000984,true,49832,8000009832
E009833,Emp09833,User09833,employee09833@example.com,9000009833,2022-04-13,Marketing,Developer,USD,ACTIVE,E000984,true,49833,8000009833
E009834,Emp09834,User09834,employee09834@example.com,9000009834,2022-04-14,Operations,Specialist,USD,ACTIVE,E000984,true,49834,8000009834
E009835,Emp09835,User09835,employee09835@example.com,9000009835,2022-04-15,Engineering,Software Engineer,USD,ACTIVE,E000984,true,49835,8000009835
E009836,Emp09836,User09836,employee09836@example.com,9000009836,2022-04-16,Finance,Analyst,USD,ACTIVE,E000984,true,49836,8000009836
E009837,Emp09837,User09837,employee09837@example.com,9000009837,2022-04-17,HR,Manager,USD,ACTIVE,E000984,true,49837,8000009837
E009838,Emp09838,User09838,employee09838@example.com,9000009838,2022-04-18,Marketing,Developer,USD,ACTIVE,E000984,true,49838,8000009838
E009839,Emp09839,User09839,employee09839@example.com,9000009839,2022-04-19,Operations,Specialist,USD,ACTIVE,E000984,true,49839,8000009839
E009840,Emp09840,User09840,employee09840@example.com,9000009840,2022-04-20,Engineering,Software Engineer,USD,ACTIVE,E000984,true,49840,8000009840
E009841,Emp09841,User09841,employee09841@example.com,9000009841,2022-04-21,Finance,Analyst,USD,ACTIVE,E000985,true,49841,8000009841
E009842,Emp09842,User09842,employee09842@example.com,9000009842,2022-04-22,HR,Manager,USD,ACTIVE,E000985,true,49842,8000009842
E009843,Emp09843,User09843,employee09843@example.com,9000009843,2022-04-23,Marketing,Developer,USD,ACTIVE,E000985,true,49843,8000009843
E009844,Emp09844,User09844,employee09844@example.com,9000009844,2022-04-24,Operations,Specialist,USD,ACTIVE,E000985,true,49844,8000009844
E009845,Emp09845,User09845,employee09845@example.com,9000009845,2022-04-25,Engineering,Software Engineer,USD,ACTIVE,E000985,true,49845,8000009845
E009846,Emp09846,User09846,employee09846@example.com,9000009846,2022-04-26,Finance,Analyst,USD,ACTIVE,E000985,true,49846,8000009846
E009847,Emp09847,User09847,employee09847@example.com,9000009847,2022-04-27,HR,Manager,USD,ACTIVE,E000985,true,49847,8000009847
E009848,Emp09848,User09848,employee09848@example.com,9000009848,2022-04-28,Marketing,Developer,USD,ACTIVE,E000985,true,49848,8000009848
E009849,Emp09849,User09849,employee09849@example.com,9000009849,2022-04-29,Operations,Specialist,USD,ACTIVE,E000985,true,49849,8000009849
E009850,Emp09850,User09850,employee09850@example.com,9000009850,2022-04-30,Engineering,Software Engineer,USD,ACTIVE,E000985,true,49850,8000009850
E009851,Emp09851,User09851,employee09851@example.com,9000009851,2022-05-01,Finance,Analyst,USD,ACTIVE,E000986,true,49851,8000009851
E009852,Emp09852,User09852,employee09852@example.com,9000009852,2022-05-02,HR,Manager,USD,ACTIVE,E000986,true,49852,8000009852
E009853,Emp09853,User09853,employee09853@example.com,9000009853,2022-05-03,Marketing,Developer,USD,ACTIVE,E000986,true,49853,8000009853
E009854,Emp09854,User09854,employee09854@example.com,9000009854,2022-05-04,Operations,Specialist,USD,ACTIVE,E000986,true,49854,8000009854
E009855,Emp09855,User09855,employee09855@example.com,9000009855,2022-05-05,Engineering,Software Engineer,USD,ACTIVE,E000986,true,49855,8000009855
E009856,Emp09856,User09856,employee09856@example.com,9000009856,2022-05-06,Finance,Analyst,USD,ACTIVE,E000986,true,49856,8000009856
E009857,Emp09857,User09857,employee09857@example.com,9000009857,2022-05-07,HR,Manager,USD,ACTIVE,E000986,true,49857,8000009857
E009858,Emp09858,User09858,employee09858@example.com,9000009858,2022-05-08,Marketing,Developer,USD,ACTIVE,E000986,true,49858,8000009858
E009859,Emp09859,User09859,employee09859@example.com,9000009859,2022-05-09,Operations,Specialist,USD,ACTIVE,E000986,true,49859,8000009859
E009860,Emp09860,User09860,employee09860@example.com,9000009860,2022-05-10,Engineering,Software Engineer,USD,ACTIVE,E000986,true,49860,8000009860
E009861,Emp09861,User09861,employee09861@example.com,9000009861,2022-05-11,Finance,Analyst,USD,ACTIVE,E000987,true,49861,8000009861
E009862,Emp09862,User09862,employee09862@example.com,9000009862,2022-05-12,HR,Manager,USD,ACTIVE,E000987,true,49862,8000009862
E009863,Emp09863,User09863,employee09863@example.com,9000009863,2022-05-13,Marketing,Developer,USD,ACTIVE,E000987,true,49863,8000009863
E009864,Emp09864,User09864,employee09864@example.com,9000009864,2022-05-14,Operations,Specialist,USD,ACTIVE,E000987,true,49864,8000009864
E009865,Emp09865,User09865,employee09865@example.com,9000009865,2022-05-15,Engineering,Software Engineer,USD,ACTIVE,E000987,true,49865,8000009865
E009866,Emp09866,User09866,employee09866@example.com,9000009866,2022-05-16,Finance,Analyst,USD,ACTIVE,E000987,true,49866,8000009866
E009867,Emp09867,User09867,employee09867@example.com,9000009867,2022-05-17,HR,Manager,USD,ACTIVE,E000987,true,49867,8000009867
E009868,Emp09868,User09868,employee09868@example.com,9000009868,2022-05-18,Marketing,Developer,USD,ACTIVE,E000987,true,49868,8000009868
E009869,Emp09869,User09869,employee09869@example.com,9000009869,2022-05-19,Operations,Specialist,USD,ACTIVE,E000987,true,49869,8000009869
E009870,Emp09870,User09870,employee09870@example.com,9000009870,2022-05-20,Engineering,Software Engineer,USD,ACTIVE,E000987,true,49870,8000009870
E009871,Emp09871,User09871,employee09871@example.com,9000009871,2022-05-21,Finance,Analyst,USD,ACTIVE,E000988,true,49871,8000009871
E009872,Emp09872,User09872,employee09872@example.com,9000009872,2022-05-22,HR,Manager,USD,ACTIVE,E000988,true,49872,8000009872
E009873,Emp09873,User09873,employee09873@example.com,9000009873,2022-05-23,Marketing,Developer,USD,ACTIVE,E000988,true,49873,8000009873
E009874,Emp09874,User09874,employee09874@example.com,9000009874,2022-05-24,Operations,Specialist,USD,ACTIVE,E000988,true,49874,8000009874
E009875,Emp09875,User09875,employee09875@example.com,9000009875,2022-05-25,Engineering,Software Engineer,USD,ACTIVE,E000988,true,49875,8000009875
E009876,Emp09876,User09876,employee09876@example.com,9000009876,2022-05-26,Finance,Analyst,USD,ACTIVE,E000988,true,49876,8000009876
E009877,Emp09877,User09877,employee09877@example.com,9000009877,2022-05-27,HR,Manager,USD,ACTIVE,E000988,true,49877,8000009877
E009878,Emp09878,User09878,employee09878@example.com,9000009878,2022-05-28,Marketing,Developer,USD,ACTIVE,E000988,true,49878,8000009878
E009879,Emp09879,User09879,employee09879@example.com,9000009879,2022-05-29,Operations,Specialist,USD,ACTIVE,E000988,true,49879,8000009879
E009880,Emp09880,User09880,employee09880@example.com,9000009880,2022-05-30,Engineering,Software Engineer,USD,ACTIVE,E000988,true,49880,8000009880
E009881,Emp09881,User09881,employee09881@example.com,9000009881,2022-05-31,Finance,Analyst,USD,ACTIVE,E000989,true,49881,8000009881
E009882,Emp09882,User09882,employee09882@example.com,9000009882,2022-06-01,HR,Manager,USD,ACTIVE,E000989,true,49882,8000009882
E009883,Emp09883,User09883,employee09883@example.com,9000009883,2022-06-02,Marketing,Developer,USD,ACTIVE,E000989,true,49883,8000009883
E009884,Emp09884,User09884,employee09884@example.com,9000009884,2022-06-03,Operations,Specialist,USD,ACTIVE,E000989,true,49884,8000009884
E009885,Emp09885,User09885,employee09885@example.com,9000009885,2022-06-04,Engineering,Software Engineer,USD,ACTIVE,E000989,true,49885,8000009885
E009886,Emp09886,User09886,employee09886@example.com,9000009886,2022-06-05,Finance,Analyst,USD,ACTIVE,E000989,true,49886,8000009886
E009887,Emp09887,User09887,employee09887@example.com,9000009887,2022-06-06,HR,Manager,USD,ACTIVE,E000989,true,49887,8000009887
E009888,Emp09888,User09888,employee09888@example.com,9000009888,2022-06-07,Marketing,Developer,USD,ACTIVE,E000989,true,49888,8000009888
E009889,Emp09889,User09889,employee09889@example.com,9000009889,2022-06-08,Operations,Specialist,USD,ACTIVE,E000989,true,49889,8000009889
E009890,Emp09890,User09890,employee09890@example.com,9000009890,2022-06-09,Engineering,Software Engineer,USD,ACTIVE,E000989,true,49890,8000009890
E009891,Emp09891,User09891,employee09891@example.com,9000009891,2022-06-10,Finance,Analyst,USD,ACTIVE,E000990,true,49891,8000009891
E009892,Emp09892,User09892,employee09892@example.com,9000009892,2022-06-11,HR,Manager,USD,ACTIVE,E000990,true,49892,8000009892
E009893,Emp09893,User09893,employee09893@example.com,9000009893,2022-06-12,Marketing,Developer,USD,ACTIVE,E000990,true,49893,8000009893
E009894,Emp09894,User09894,employee09894@example.com,9000009894,2022-06-13,Operations,Specialist,USD,ACTIVE,E000990,true,49894,8000009894
E009895,Emp09895,User09895,employee09895@example.com,9000009895,2022-06-14,Engineering,Software Engineer,USD,ACTIVE,E000990,true,49895,8000009895
E009896,Emp09896,User09896,employee09896@example.com,9000009896,2022-06-15,Finance,Analyst,USD,ACTIVE,E000990,true,49896,8000009896
E009897,Emp09897,User09897,employee09897@example.com,9000009897,2022-06-16,HR,Manager,USD,ACTIVE,E000990,true,49897,8000009897
E009898,Emp09898,User09898,employee09898@example.com,9000009898,2022-06-17,Marketing,Developer,USD,ACTIVE,E000990,true,49898,8000009898
E009899,Emp09899,User09899,employee09899@example.com,9000009899,2022-06-18,Operations,Specialist,USD,ACTIVE,E000990,true,49899,8000009899
E009900,Emp09900,User09900,employee09900@example.com,9000009900,2022-06-19,Engineering,Software Engineer,USD,ACTIVE,E000990,true,49900,8000009900
E009901,Emp09901,User09901,employee09901@example.com,9000009901,2022-06-20,Finance,Analyst,USD,ACTIVE,E000991,true,49901,8000009901
E009902,Emp09902,User09902,employee09902@example.com,9000009902,2022-06-21,HR,Manager,USD,ACTIVE,E000991,true,49902,8000009902
E009903,Emp09903,User09903,employee09903@example.com,9000009903,2022-06-22,Marketing,Developer,USD,ACTIVE,E000991,true,49903,8000009903
E009904,Emp09904,User09904,employee09904@example.com,9000009904,2022-06-23,Operations,Specialist,USD,ACTIVE,E000991,true,49904,8000009904
E009905,Emp09905,User09905,employee09905@example.com,9000009905,2022-06-24,Engineering,Software Engineer,USD,ACTIVE,E000991,true,49905,8000009905
E009906,Emp09906,User09906,employee09906@example.com,9000009906,2022-06-25,Finance,Analyst,USD,ACTIVE,E000991,true,49906,8000009906
E009907,Emp09907,User09907,employee09907@example.com,9000009907,2022-06-26,HR,Manager,USD,ACTIVE,E000991,true,49907,8000009907
E009908,Emp09908,User09908,employee09908@example.com,9000009908,2022-06-27,Marketing,Developer,USD,ACTIVE,E000991,true,49908,8000009908
E009909,Emp09909,User09909,employee09909@example.com,9000009909,2022-06-28,Operations,Specialist,USD,ACTIVE,E000991,true,49909,8000009909
E009910,Emp09910,User09910,employee09910@example.com,9000009910,2022-06-29,Engineering,Software Engineer,USD,ACTIVE,E000991,true,49910,8000009910
E009911,Emp09911,User09911,employee09911@example.com,9000009911,2022-06-30,Finance,Analyst,USD,ACTIVE,E000992,true,49911,8000009911
E009912,Emp09912,User09912,employee09912@example.com,9000009912,2022-07-01,HR,Manager,USD,ACTIVE,E000992,true,49912,8000009912
E009913,Emp09913,User09913,employee09913@example.com,9000009913,2022-07-02,Marketing,Developer,USD,ACTIVE,E000992,true,49913,8000009913
E009914,Emp09914,User09914,employee09914@example.com,9000009914,2022-07-03,Operations,Specialist,USD,ACTIVE,E000992,true,49914,8000009914
E009915,Emp09915,User09915,employee09915@example.com,9000009915,2022-07-04,Engineering,Software Engineer,USD,ACTIVE,E000992,true,49915,8000009915
E009916,Emp09916,User09916,employee09916@example.com,9000009916,2022-07-05,Finance,Analyst,USD,ACTIVE,E000992,true,49916,8000009916
E009917,Emp09917,User09917,employee09917@example.com,9000009917,2022-07-06,HR,Manager,USD,ACTIVE,E000992,true,49917,8000009917
E009918,Emp09918,User09918,employee09918@example.com,9000009918,2022-07-07,Marketing,Developer,USD,ACTIVE,E000992,true,49918,8000009918
E009919,Emp09919,User09919,employee09919@example.com,9000009919,2022-07-08,Operations,Specialist,USD,ACTIVE,E000992,true,49919,8000009919
E009920,Emp09920,User09920,employee09920@example.com,9000009920,2022-07-09,Engineering,Software Engineer,USD,ACTIVE,E000992,true,49920,8000009920
E009921,Emp09921,User09921,employee09921@example.com,9000009921,2022-07-10,Finance,Analyst,USD,ACTIVE,E000993,true,49921,8000009921
E009922,Emp09922,User09922,employee09922@example.com,9000009922,2022-07-11,HR,Manager,USD,ACTIVE,E000993,true,49922,8000009922
E009923,Emp09923,User09923,employee09923@example.com,9000009923,2022-07-12,Marketing,Developer,USD,ACTIVE,E000993,true,49923,8000009923
E009924,Emp09924,User09924,employee09924@example.com,9000009924,2022-07-13,Operations,Specialist,USD,ACTIVE,E000993,true,49924,8000009924
E009925,Emp09925,User09925,employee09925@example.com,9000009925,2022-07-14,Engineering,Software Engineer,USD,ACTIVE,E000993,true,49925,8000009925
E009926,Emp09926,User09926,employee09926@example.com,9000009926,2022-07-15,Finance,Analyst,USD,ACTIVE,E000993,true,49926,8000009926
E009927,Emp09927,User09927,employee09927@example.com,9000009927,2022-07-16,HR,Manager,USD,ACTIVE,E000993,true,49927,8000009927
E009928,Emp09928,User09928,employee09928@example.com,9000009928,2022-07-17,Marketing,Developer,USD,ACTIVE,E000993,true,49928,8000009928
E009929,Emp09929,User09929,employee09929@example.com,9000009929,2022-07-18,Operations,Specialist,USD,ACTIVE,E000993,true,49929,8000009929
E009930,Emp09930,User09930,employee09930@example.com,9000009930,2022-07-19,Engineering,Software Engineer,USD,ACTIVE,E000993,true,49930,8000009930
E009931,Emp09931,User09931,employee09931@example.com,9000009931,2022-07-20,Finance,Analyst,USD,ACTIVE,E000994,true,49931,8000009931
E009932,Emp09932,User09932,employee09932@example.com,9000009932,2022-07-21,HR,Manager,USD,ACTIVE,E000994,true,49932,8000009932
E009933,Emp09933,User09933,employee09933@example.com,9000009933,2022-07-22,Marketing,Developer,USD,ACTIVE,E000994,true,49933,8000009933
E009934,Emp09934,User09934,employee09934@example.com,9000009934,2022-07-23,Operations,Specialist,USD,ACTIVE,E000994,true,49934,8000009934
E009935,Emp09935,User09935,employee09935@example.com,9000009935,2022-07-24,Engineering,Software Engineer,USD,ACTIVE,E000994,true,49935,8000009935
E009936,Emp09936,User09936,employee09936@example.com,9000009936,2022-07-25,Finance,Analyst,USD,ACTIVE,E000994,true,49936,8000009936
E009937,Emp09937,User09937,employee09937@example.com,9000009937,2022-07-26,HR,Manager,USD,ACTIVE,E000994,true,49937,8000009937
E009938,Emp09938,User09938,employee09938@example.com,9000009938,2022-07-27,Marketing,Developer,USD,ACTIVE,E000994,true,49938,8000009938
E009939,Emp09939,User09939,employee09939@example.com,9000009939,2022-07-28,Operations,Specialist,USD,ACTIVE,E000994,true,49939,8000009939
E009940,Emp09940,User09940,employee09940@example.com,9000009940,2022-07-29,Engineering,Software Engineer,USD,ACTIVE,E000994,true,49940,8000009940
E009941,Emp09941,User09941,employee09941@example.com,9000009941,2022-07-30,Finance,Analyst,USD,ACTIVE,E000995,true,49941,8000009941
E009942,Emp09942,User09942,employee09942@example.com,9000009942,2022-07-31,HR,Manager,USD,ACTIVE,E000995,true,49942,8000009942
E009943,Emp09943,User09943,employee09943@example.com,9000009943,2022-08-01,Marketing,Developer,USD,ACTIVE,E000995,true,49943,8000009943
E009944,Emp09944,User09944,employee09944@example.com,9000009944,2022-08-02,Operations,Specialist,USD,ACTIVE,E000995,true,49944,8000009944
E009945,Emp09945,User09945,employee09945@example.com,9000009945,2022-08-03,Engineering,Software Engineer,USD,ACTIVE,E000995,true,49945,8000009945
E009946,Emp09946,User09946,employee09946@example.com,9000009946,2022-08-04,Finance,Analyst,USD,ACTIVE,E000995,true,49946,8000009946
E009947,Emp09947,User09947,employee09947@example.com,9000009947,2022-08-05,HR,Manager,USD,ACTIVE,E000995,true,49947,8000009947
E009948,Emp09948,User09948,employee09948@example.com,9000009948,2022-08-06,Marketing,Developer,USD,ACTIVE,E000995,true,49948,8000009948
E009949,Emp09949,User09949,employee09949@example.com,9000009949,2022-08-07,Operations,Specialist,USD,ACTIVE,E000995,true,49949,8000009949
E009950,Emp09950,User09950,employee09950@example.com,9000009950,2022-08-08,Engineering,Software Engineer,USD,ACTIVE,E000995,true,49950,8000009950
E009951,Emp09951,User09951,employee09951@example.com,9000009951,2022-08-09,Finance,Analyst,USD,ACTIVE,E000996,true,49951,8000009951
E009952,Emp09952,User09952,employee09952@example.com,9000009952,2022-08-10,HR,Manager,USD,ACTIVE,E000996,true,49952,8000009952
E009953,Emp09953,User09953,employee09953@example.com,9000009953,2022-08-11,Marketing,Developer,USD,ACTIVE,E000996,true,49953,8000009953
E009954,Emp09954,User09954,employee09954@example.com,9000009954,2022-08-12,Operations,Specialist,USD,ACTIVE,E000996,true,49954,8000009954
E009955,Emp09955,User09955,employee09955@example.com,9000009955,2022-08-13,Engineering,Software Engineer,USD,ACTIVE,E000996,true,49955,8000009955
E009956,Emp09956,User09956,employee09956@example.com,9000009956,2022-08-14,Finance,Analyst,USD,ACTIVE,E000996,true,49956,8000009956
E009957,Emp09957,User09957,employee09957@example.com,9000009957,2022-08-15,HR,Manager,USD,ACTIVE,E000996,true,49957,8000009957
E009958,Emp09958,User09958,employee09958@example.com,9000009958,2022-08-16,Marketing,Developer,USD,ACTIVE,E000996,true,49958,8000009958
E009959,Emp09959,User09959,employee09959@example.com,9000009959,2022-08-17,Operations,Specialist,USD,ACTIVE,E000996,true,49959,8000009959
E009960,Emp09960,User09960,employee09960@example.com,9000009960,2022-08-18,Engineering,Software Engineer,USD,ACTIVE,E000996,true,49960,8000009960
E009961,Emp09961,User09961,employee09961@example.com,9000009961,2022-08-19,Finance,Analyst,USD,ACTIVE,E000997,true,49961,8000009961
E009962,Emp09962,User09962,employee09962@example.com,9000009962,2022-08-20,HR,Manager,USD,ACTIVE,E000997,true,49962,8000009962
E009963,Emp09963,User09963,employee09963@example.com,9000009963,2022-08-21,Marketing,Developer,USD,ACTIVE,E000997,true,49963,8000009963
E009964,Emp09964,User09964,employee09964@example.com,9000009964,2022-08-22,Operations,Specialist,USD,ACTIVE,E000997,true,49964,8000009964
E009965,Emp09965,User09965,employee09965@example.com,9000009965,2022-08-23,Engineering,Software Engineer,USD,ACTIVE,E000997,true,49965,8000009965
E009966,Emp09966,User09966,employee09966@example.com,9000009966,2022-08-24,Finance,Analyst,USD,ACTIVE,E000997,true,49966,8000009966
E009967,Emp09967,User09967,employee09967@example.com,9000009967,2022-08-25,HR,Manager,USD,ACTIVE,E000997,true,49967,8000009967
E009968,Emp09968,User09968,employee09968@example.com,9000009968,2022-08-26,Marketing,Developer,USD,ACTIVE,E000997,true,49968,8000009968
E009969,Emp09969,User09969,employee09969@example.com,9000009969,2022-08-27,Operations,Specialist,USD,ACTIVE,E000997,true,49969,8000009969
E009970,Emp09970,User09970,employee09970@example.com,9000009970,2022-08-28,Engineering,Software Engineer,USD,ACTIVE,E000997,true,49970,8000009970
E009971,Emp09971,User09971,employee09971@example.com,9000009971,2022-08-29,Finance,Analyst,USD,ACTIVE,E000998,true,49971,8000009971
E009972,Emp09972,User09972,employee09972@example.com,9000009972,2022-08-30,HR,Manager,USD,ACTIVE,E000998,true,49972,8000009972
E009973,Emp09973,User09973,employee09973@example.com,9000009973,2022-08-31,Marketing,Developer,USD,ACTIVE,E000998,true,49973,8000009973
E009974,Emp09974,User09974,employee09974@example.com,9000009974,2022-09-01,Operations,Specialist,USD,ACTIVE,E000998,true,49974,8000009974
E009975,Emp09975,User09975,employee09975@example.com,9000009975,2022-09-02,Engineering,Software Engineer,USD,ACTIVE,E000998,true,49975,8000009975
E009976,Emp09976,User09976,employee09976@example.com,9000009976,2022-09-03,Finance,Analyst,USD,ACTIVE,E000998,true,49976,8000009976
E009977,Emp09977,User09977,employee09977@example.com,9000009977,2022-09-04,HR,Manager,USD,ACTIVE,E000998,true,49977,8000009977
E009978,Emp09978,User09978,employee09978@example.com,9000009978,2022-09-05,Marketing,Developer,USD,ACTIVE,E000998,true,49978,8000009978
E009979,Emp09979,User09979,employee09979@example.com,9000009979,2022-09-06,Operations,Specialist,USD,ACTIVE,E000998,true,49979,8000009979
E009980,Emp09980,User09980,employee09980@example.com,9000009980,2022-09-07,Engineering,Software Engineer,USD,ACTIVE,E000998,true,49980,8000009980
E009981,Emp09981,User09981,employee09981@example.com,9000009981,2022-09-08,Finance,Analyst,USD,ACTIVE,E000999,true,49981,8000009981
E009982,Emp09982,User09982,employee09982@example.com,9000009982,2022-09-09,HR,Manager,USD,ACTIVE,E000999,true,49982,8000009982
E009983,Emp09983,User09983,employee09983@example.com,9000009983,2022-09-10,Marketing,Developer,USD,ACTIVE,E000999,true,49983,8000009983
E009984,Emp09984,User09984,employee09984@example.com,9000009984,2022-09-11,Operations,Specialist,USD,ACTIVE,E000999,true,49984,8000009984
E009985,Emp09985,User09985,employee09985@example.com,9000009985,2022-09-12,Engineering,Software Engineer,USD,ACTIVE,E000999,true,49985,8000009985
E009986,Emp09986,User09986,employee09986@example.com,9000009986,2022-09-13,Finance,Analyst,USD,ACTIVE,E000999,true,49986,8000009986
E009987,Emp09987,User09987,employee09987@example.com,9000009987,2022-09-14,HR,Manager,USD,ACTIVE,E000999,true,49987,8000009987
E009988,Emp09988,User09988,employee09988@example.com,9000009988,2022-09-15,Marketing,Developer,USD,ACTIVE,E000999,true,49988,8000009988
E009989,Emp09989,User09989,employee09989@example.com,9000009989,2022-09-16,Operations,Specialist,USD,ACTIVE,E000999,true,49989,8000009989
E009990,Emp09990,User09990,employee09990@example.com,9000009990,2022-09-17,Engineering,Software Engineer,USD,ACTIVE,E000999,true,49990,8000009990
E009991,Emp09991,User09991,employee09991@example.com,9000009991,2022-09-18,Finance,Analyst,USD,ACTIVE,E001000,true,49991,8000009991
E009992,Emp09992,User09992,employee09992@example.com,9000009992,2022-09-19,HR,Manager,USD,ACTIVE,E001000,true,49992,8000009992
E009993,Emp09993,User09993,employee09993@example.com,9000009993,2022-09-20,Marketing,Developer,USD,ACTIVE,E001000,true,49993,8000009993
E009994,Emp09994,User09994,employee09994@example.com,9000009994,2022-09-21,Operations,Specialist,USD,ACTIVE,E001000,true,49994,8000009994
E009995,Emp09995,User09995,employee09995@example.com,9000009995,2022-09-22,Engineering,Software Engineer,USD,ACTIVE,E001000,true,49995,8000009995
E009996,Emp09996,User09996,employee09996@example.com,9000009996,2022-09-23,Finance,Analyst,USD,ACTIVE,E001000,true,49996,8000009996
E009997,Emp09997,User09997,employee09997@example.com,9000009997,2022-09-24,HR,Manager,USD,ACTIVE,E001000,true,49997,8000009997
E009998,Emp09998,User09998,employee09998@example.com,9000009998,2022-09-25,Marketing,Developer,USD,ACTIVE,E001000,true,49998,8000009998
E009999,Emp09999,User09999,employee09999@example.com,9000009999,2022-09-26,Operations,Specialist,USD,ACTIVE,E001000,true,49999,8000009999
E010000,Emp10000,User10000,employee10000@example.com,9000010000,2022-09-27,Engineering,Software Engineer,USD,ACTIVE,E001000,true,50000,8000010000
